,url,title
AOS Lesson 1: Intro to AOS,https://www.youtube.com/watch?v=GTObrKKbRww,Introduction - Georgia Tech - Advanced Operating Systems
,https://www.youtube.com/watch?v=dCQEeUia9UI,Background Material - Georgia Tech - Advanced Operating Systems
,https://www.youtube.com/watch?v=XzUVj3cPhxM,Which is an OS Quiz - Georgia Tech - Advanced Operating Systems
,https://www.youtube.com/watch?v=JwBLFXOhNKE,Which is an OS Quiz Solution - Georgia Tech - Advanced Operating Systems
,https://www.youtube.com/watch?v=1eKBaTxZ07Q,The Hierarchy - Georgia Tech - Advanced Operating Systems
,https://www.youtube.com/watch?v=Ccv9RgP6OJI,Which is Not an Abstraction Quiz - Georgia Tech - Advanced Operating Systems
,https://www.youtube.com/watch?v=odxHEwqpGWI,Which is Not an Abstraction Quiz Solution - Georgia Tech - Advanced Operating Systems
,https://www.youtube.com/watch?v=J1Q6nFvda1s,Digging Deeper Into the Power of Abstractions - Georgia Tech - Advanced Operating Systems
,https://www.youtube.com/watch?v=2Yvgph2Yo2c,Name the Abstractions Quiz - Georgia Tech - Advanced Operating Systems
,https://www.youtube.com/watch?v=MQtXYUOIFy0,Name the Abstractions Quiz Solution - Georgia Tech - Advanced Operating Systems
,https://www.youtube.com/watch?v=Kf9bCdTAafo,Google Earth - Georgia Tech - Advanced Operating Systems
,https://www.youtube.com/watch?v=EpiKTuopxIE,Conclusion - Georgia Tech - Advanced Operating Systems
,https://www.youtube.com/watch?v=zZM3095mPQU,Introduction - Georgia Tech - Advanced Operating Systems
,https://www.youtube.com/watch?v=TbiQCFteAPE,Hardware Continuum Quiz - Georgia Tech - Advanced Operating Systems
,https://www.youtube.com/watch?v=abbmT9CR2q4,Hardware Continuum Quiz Solution - Georgia Tech - Advanced Operating Systems
,https://www.youtube.com/watch?v=_hunEF_HNmA,Hardware Resources in a Computer System - Georgia Tech - Advanced Operating Systems
,https://www.youtube.com/watch?v=gXwpdYGChOs,Organization With I O Bus - Georgia Tech - Advanced Operating Systems
,https://www.youtube.com/watch?v=QYwFW7rMyvY,The Specifics - Georgia Tech - Advanced Operating Systems
,https://www.youtube.com/watch?v=1tk2c2DRGz8,Conclusion - Georgia Tech - Advanced Operating Systems
,https://www.youtube.com/watch?v=4qOJayVmEOU,Introduction - Georgia Tech - Advanced Operating Systems
,https://www.youtube.com/watch?v=OiwAQgCwDYU,OS Functionalities Quiz - Georgia Tech - Advanced Operating Systems
,https://www.youtube.com/watch?v=fLv1H938iYE,OS Functionalities Quiz Solution - Georgia Tech - Advanced Operating Systems
,https://www.youtube.com/watch?v=uXp3xLKLjH8,What is an OS - Georgia Tech - Advanced Operating Systems
,https://www.youtube.com/watch?v=l22ZwiVhJIw,A Few Examples - Georgia Tech - Advanced Operating Systems
,https://www.youtube.com/watch?v=FlDjkvROxfI,Mouse Click Quiz - Georgia Tech - Advanced Operating Systems
,https://www.youtube.com/watch?v=Ak9x2eLOdm8,Mouse Click Quiz Solution - Georgia Tech - Advanced Operating Systems
,https://www.youtube.com/watch?v=278DNcR-NUE,What Happens When You Click Your Mouse - Georgia Tech - Advanced Operating Systems
,https://www.youtube.com/watch?v=A8UFqyr8yIA,Introduction - Georgia Tech - Advanced Operating Systems
,https://www.youtube.com/watch?v=ez5wa4HBQuM,How is it Possible Quiz - Georgia Tech - Advanced Operating Systems
,https://www.youtube.com/watch?v=tfBd2zeM9pc,How is it Possible Quiz Solution - Georgia Tech - Advanced Operating Systems
,https://www.youtube.com/watch?v=iTAJXFnz8ik,Catering to Resource Requirements - Georgia Tech - Advanced Operating Systems
,https://www.youtube.com/watch?v=eIDPlwiaYnc,Precious Resources Quiz - Georgia Tech - Advanced Operating Systems
,https://www.youtube.com/watch?v=jwRYO03pPTc,Precious Resources Quiz Solution - Georgia Tech - Advanced Operating Systems
,https://www.youtube.com/watch?v=PcB4yG-Szp8,The Modern OS - Georgia Tech - Advanced Operating Systems
,https://www.youtube.com/watch?v=H2PAkWZQh-Q,Processor Related OS Abstractions - Georgia Tech - Advanced Operating Systems
,https://www.youtube.com/watch?v=O3EyzlZxx3g,Difference Between Process and Thread - Georgia Tech - Advanced Operating Systems
,https://www.youtube.com/watch?v=UVW1FcTj904,Memory Related OS Abstraction - Georgia Tech - Advanced Operating Systems
,https://www.youtube.com/watch?v=GeVo6m2C6Q4,Conclusion - Georgia Tech - Advanced Operating Systems
AOS Lesson 2: OS Structures,https://www.youtube.com/watch?v=rjwItNESGjQ,Introduction - Georgia Tech - Advanced Operating Systems
,https://www.youtube.com/watch?v=tNv8-s0vCm4,OS System Services Quiz - Georgia Tech - Advanced Operating Systems
,https://www.youtube.com/watch?v=1kBn-tNJ4e8,OS System Services Quiz Solution - Georgia Tech - Advanced Operating Systems
,https://www.youtube.com/watch?v=F0BjBqUNyY8,OS Structure - Georgia Tech - Advanced Operating Systems
,https://www.youtube.com/watch?v=WhrQtDGMQwY,Importance of OS Structure Quiz - Georgia Tech - Advanced Operating Systems
,https://www.youtube.com/watch?v=A8qVe852h0Y,Importance of OS Structure Quiz Solution - Georgia Tech - Advanced Operating Systems
,https://www.youtube.com/watch?v=-eAFeR5wfd4,Goals of OS Structure - Georgia Tech - Advanced Operating Systems
,https://www.youtube.com/watch?v=qKVio2xRR3Y,Commercial OS - Georgia Tech - Advanced Operating Systems
,https://www.youtube.com/watch?v=SBC_GSFlR34,Monolithic Structure - Georgia Tech - Advanced Operating Systems
,https://www.youtube.com/watch?v=EYA8TsorQRI,DOS-like Structure - Georgia Tech - Advanced Operating Systems
,https://www.youtube.com/watch?v=yPpANA215o8,DOS like Structure Pros and Cons Quiz - Georgia Tech - Advanced Operating Systems
,https://www.youtube.com/watch?v=yAIAsIgYFUo,DOS like Structure Pros and Cons Quiz Solution - Georgia Tech - Advanced Operating Systems
,https://www.youtube.com/watch?v=3UqZN_add88,DOS-like Structure (cont) - Georgia Tech - Advanced Operating Systems
,https://www.youtube.com/watch?v=hRlAqEcAI9o,Loss of Protection in DOS like Structure - Georgia Tech - Advanced Operating Systems
,https://www.youtube.com/watch?v=OVZulm2nHcE,Opportunities for Customization - Georgia Tech - Advanced Operating Systems
,https://www.youtube.com/watch?v=OJ0STjjqiNo,Microkernel based OS Structure - Georgia Tech - Advanced Operating Systems
,https://www.youtube.com/watch?v=PFxm5wf0K2s,Downside to Microkernel - Georgia Tech - Advanced Operating Systems
,https://www.youtube.com/watch?v=gcdBIUIQsQ0,Why Performance Loss - Georgia Tech - Advanced Operating Systems
,https://www.youtube.com/watch?v=-yQhLW9vW1k,Features of Various OS Quiz - Georgia Tech - Advanced Operating Systems
,https://www.youtube.com/watch?v=NyngRVxfXfY,Features of Various OS Quiz Solution - Georgia Tech - Advanced Operating Systems
,https://www.youtube.com/watch?v=iFofG9NLe0s,What do we Want - Georgia Tech - Advanced Operating Systems
,https://www.youtube.com/watch?v=1CcKqyhRrnM,Introduction - Georgia Tech - Advanced Operating Systems
,https://www.youtube.com/watch?v=TT88Ysdrwsg,What are we Shooting for in OS Structure - Georgia Tech - Advanced Operating Systems
,https://www.youtube.com/watch?v=W7eJ_K_pEHg,Approaches to Extensibility - Georgia Tech - Advanced Operating Systems
,https://www.youtube.com/watch?v=u2CAmeo50ss,Logical Protection Domains - Georgia Tech - Advanced Operating Systems
,https://www.youtube.com/watch?v=_nMwq-3F9iY,Pointers Quiz - Georgia Tech - Advanced Operating Systems
,https://www.youtube.com/watch?v=zW8tPiFtkco,Pointers Quiz Solution - Georgia Tech - Advanced Operating Systems
,https://www.youtube.com/watch?v=TLdcySzNQLM,Spin Mechanisms for Protection Domains - Georgia Tech - Advanced Operating Systems
,https://www.youtube.com/watch?v=87JMVsevmmA,Customized OS With Spin - Georgia Tech - Advanced Operating Systems
,https://www.youtube.com/watch?v=8gyovY1R_fA,Example Extensions - Georgia Tech - Advanced Operating Systems
,https://www.youtube.com/watch?v=YHp0Oy_p-Yw,Border Crossings Quiz - Georgia Tech - Advanced Operating Systems
,https://www.youtube.com/watch?v=6Q4AjM_W5Xw,Border Crossings Quiz Solution - Georgia Tech - Advanced Operating Systems
,https://www.youtube.com/watch?v=ziqbbhA7tEQ,Spin Mechanisms for Events - Georgia Tech - Advanced Operating Systems
,https://www.youtube.com/watch?v=KOAGm5DfDxw,Default Core Services in Spin - Georgia Tech - Advanced Operating Systems
,https://www.youtube.com/watch?v=RhBS9gUbteM,Default Core Service in Spin (cont) - Georgia Tech - Advanced Operating Systems
,https://www.youtube.com/watch?v=2VTDODZy0Gc,Conclusion - Georgia Tech - Advanced Operating Systems
,https://www.youtube.com/watch?v=c7dYJvsT018,Exokernel Approach to Extensibility - Georgia Tech - Advanced Operating Systems
,https://www.youtube.com/watch?v=hra4LX_xInk,Examples of Candidate Resources - Georgia Tech - Advanced Operating Systems
,https://www.youtube.com/watch?v=YmhHKWSe-GA,Implementing Secure Bindings - Georgia Tech - Advanced Operating Systems
,https://www.youtube.com/watch?v=4lb94N7U_Qw,Exokernel vs Spin Quiz - Georgia Tech - Advanced Operating Systems
,https://www.youtube.com/watch?v=MXw4i_-C0EU,Exokernel vs Spin Quiz Solution - Georgia Tech - Advanced Operating Systems
,https://www.youtube.com/watch?v=YNOFDc1mItc,Default Core Services in Exokernel - Georgia Tech - Advanced Operating Systems
,https://www.youtube.com/watch?v=dTnYwWL1ymw,Secure Binding - Georgia Tech - Advanced Operating Systems
,https://www.youtube.com/watch?v=iOHilSO9NzM,Memory Management  Using S TLB - Georgia Tech - Advanced Operating Systems
,https://www.youtube.com/watch?v=BBDofKHNPZM,Default Core Services in Exokernel (cont) - Georgia Tech - Advanced Operating Systems
,https://www.youtube.com/watch?v=t9Wt5R61J6Q,Revocation of Resources - Georgia Tech - Advanced Operating Systems
,https://www.youtube.com/watch?v=MkYPlvc331Y,Code Usage by Exokernel Quiz - Georgia Tech - Advanced Operating Systems
,https://www.youtube.com/watch?v=hGFuIqzwuLM,Code Usage by Exokernel Quiz Solution - Georgia Tech - Advanced Operating Systems
,https://www.youtube.com/watch?v=0MB3fCvd6u4,Putting it all Together - Georgia Tech - Advanced Operating Systems
,https://www.youtube.com/watch?v=Zg7KayZB-GM,Exokernel Data Structures - Georgia Tech - Advanced Operating Systems
,https://www.youtube.com/watch?v=MVIbgLUUWtk,Performance Results of Spin and Exokernel - Georgia Tech - Advanced Operating Systems
,https://www.youtube.com/watch?v=sVKDg2ieLnI,Introduction - Georgia Tech - Advanced Operating Systems
,https://www.youtube.com/watch?v=Z5BkXXEQLQg,Microkernel-Based OS Structure - Georgia Tech - Advanced Operating Systems
,https://www.youtube.com/watch?v=mAY08vYiuuA,Potentials for Performance Loss - Georgia Tech - Advanced Operating Systems
,https://www.youtube.com/watch?v=m-CbBLQeERQ,L3 Microkernel - Georgia Tech - Advanced Operating Systems
,https://www.youtube.com/watch?v=ZMOXUVX9U_E,Strikes Against Microkernel - Georgia Tech - Advanced Operating Systems
,https://www.youtube.com/watch?v=n7mbuTHBD24,Debunking User Kernel Border Crossing Myth - Georgia Tech - Advanced Operating Systems
,https://www.youtube.com/watch?v=3G5rywxyzhQ,Cycles Quiz - Georgia Tech - Advanced Operating Systems
,https://www.youtube.com/watch?v=R-y0nXsBaTo,Cycles Quiz Solution - Georgia Tech - Advanced Operating Systems
,https://www.youtube.com/watch?v=u2Z936p0fBI,Address Space Switches - Georgia Tech - Advanced Operating Systems
,https://www.youtube.com/watch?v=67i62QNWYl8,Address Space Switches With As Tagged TLB - Georgia Tech - Advanced Operating Systems
,https://www.youtube.com/watch?v=N8KUQNW8zqI,Liedke's Suggestions for Avoiding TLB Flush - Georgia Tech - Advanced Operating Systems
,https://www.youtube.com/watch?v=5JLPuzWqG5g,Large Protection Domains - Georgia Tech - Advanced Operating Systems
,https://www.youtube.com/watch?v=ikVvsvwSkpg,Upshot for Address Space Switching - Georgia Tech - Advanced Operating Systems
,https://www.youtube.com/watch?v=SUQOcGVGnio,Thread Switches and IPC - Georgia Tech - Advanced Operating Systems
,https://www.youtube.com/watch?v=gNUDO5Hn160,Memory Effects - Georgia Tech - Advanced Operating Systems
,https://www.youtube.com/watch?v=aCRacennklg,Reasons for Mach's Expensive Border Crossing - Georgia Tech - Advanced Operating Systems
,https://www.youtube.com/watch?v=nfLb_qQg0ac,Thesis of L3 for OS Structuring - Georgia Tech - Advanced Operating Systems
,https://www.youtube.com/watch?v=GavR7iFj6yY,Conclusion - Georgia Tech - Advanced Operating Systems
AOS Lesson 3: Virtualization,https://www.youtube.com/watch?v=gAuYI7TiXgo,Introduction - Georgia Tech - Advanced Operating Systems
,https://www.youtube.com/watch?v=CovACwT5fMg,Virtualization Quiz - Georgia Tech - Advanced Operating Systems
,https://www.youtube.com/watch?v=vtjMgvSLqtY,Virtualization Quiz Solution - Georgia Tech - Advanced Operating Systems
,https://www.youtube.com/watch?v=clxKdltzFXU,Platform Virtualization - Georgia Tech - Advanced Operating Systems
,https://www.youtube.com/watch?v=mm9Xam0DjJQ,Utility Computing - Georgia Tech - Advanced Operating Systems
,https://www.youtube.com/watch?v=Q0XyphhfJXE,Hypervisors - Georgia Tech - Advanced Operating Systems
,https://www.youtube.com/watch?v=lBTXJ52639g,Connecting the Dots - Georgia Tech - Advanced Operating Systems
,https://www.youtube.com/watch?v=CLR0pq9dy4g,Full Virtualization - Georgia Tech - Advanced Operating Systems
,https://www.youtube.com/watch?v=1PYNcmZTjiE,Para Virtualization - Georgia Tech - Advanced Operating Systems
,https://www.youtube.com/watch?v=33U3_wAeSwQ,Modification of Guest OS Code Quiz - Georgia Tech - Advanced Operating Systems
,https://www.youtube.com/watch?v=lnhFag1x7G4,Modification of Guest OS Code Quiz Solution - Georgia Tech - Advanced Operating Systems
,https://www.youtube.com/watch?v=uoTPmCUfedU,Para Virtualization (cont) - Georgia Tech - Advanced Operating Systems
,https://www.youtube.com/watch?v=0T4nRx69b8E,Big Picture - Georgia Tech - Advanced Operating Systems
,https://www.youtube.com/watch?v=Bq0qVZtd84w,Introduction - Georgia Tech - Advanced Operating Systems
,https://www.youtube.com/watch?v=-y9J78wSJHY,Memory Hierarchy - Georgia Tech - Advanced Operating Systems
,https://www.youtube.com/watch?v=6ufgN--7Xp0,Memory Subsystem Recall - Georgia Tech - Advanced Operating Systems
,https://www.youtube.com/watch?v=O9pA4A8lt48,Memory Management and Hypervisor - Georgia Tech - Advanced Operating Systems
,https://www.youtube.com/watch?v=xxrxgombEYg,Memory Manager Zoomed Out - Georgia Tech - Advanced Operating Systems
,https://www.youtube.com/watch?v=i9kU_gL7q7o,Zooming Back In - Georgia Tech - Advanced Operating Systems
,https://www.youtube.com/watch?v=Zvjg7AtgWPE,Who Keeps PPN MPN Mapping Quiz - Georgia Tech - Advanced Operating Systems
,https://www.youtube.com/watch?v=y_RU26seNiQ,Who Keeps PPN MPN Mapping Quiz Solution - Georgia Tech - Advanced Operating Systems
,https://www.youtube.com/watch?v=JpWS0Jg09QM,Shadow Page Table - Georgia Tech - Advanced Operating Systems
,https://www.youtube.com/watch?v=1PoKv5Syvwk,Efficient Mapping (Full Virtualization) - Georgia Tech - Advanced Operating Systems
,https://www.youtube.com/watch?v=BDdR5vzoPHg,Efficient Mapping (Para Virtualization) - Georgia Tech - Advanced Operating Systems
,https://www.youtube.com/watch?v=2eRVhfVJgms,Dynamically Increasing Memory - Georgia Tech - Advanced Operating Systems
,https://www.youtube.com/watch?v=mxproh2qaU8,Ballooning - Georgia Tech - Advanced Operating Systems
,https://www.youtube.com/watch?v=eK5vPJ3AdME,Sharing Memory Across Virtual Machines - Georgia Tech - Advanced Operating Systems
,https://www.youtube.com/watch?v=drrx9FOLHNo,VM Oblivious Page Sharing - Georgia Tech - Advanced Operating Systems
,https://www.youtube.com/watch?v=kaQGdNCZDXs,Successful Match - Georgia Tech - Advanced Operating Systems
,https://www.youtube.com/watch?v=22Zx3Zxp-Qg,Memory Allocation Policies - Georgia Tech - Advanced Operating Systems
,https://www.youtube.com/watch?v=sauD7TzJM0U,Introduction - Georgia Tech - Advanced Operating Systems
,https://www.youtube.com/watch?v=ReUbbY13dvw,CPU Virtualization - Georgia Tech - Advanced Operating Systems
,https://www.youtube.com/watch?v=MLq3tXiLsA8,Second Part (Common to Full and Para) - Georgia Tech - Advanced Operating Systems
,https://www.youtube.com/watch?v=XbMR5v9IVHY,Device Virtualization Intro - Georgia Tech - Advanced Operating Systems
,https://www.youtube.com/watch?v=-6f0ADBuPlU,Device Virtualization - Georgia Tech - Advanced Operating Systems
,https://www.youtube.com/watch?v=9Xe3k6gsqBU,Control Transfer - Georgia Tech - Advanced Operating Systems
,https://www.youtube.com/watch?v=JUMofGHamOw,Data Transfer - Georgia Tech - Advanced Operating Systems
,https://www.youtube.com/watch?v=1ltIyoMcjlE,Control and Data Transfer in Action - Georgia Tech - Advanced Operating Systems
,https://www.youtube.com/watch?v=fhwofQoM3s4,Disk I O Virtualization - Georgia Tech - Advanced Operating Systems
,https://www.youtube.com/watch?v=QtoORooQ9qY,Measuring Time - Georgia Tech - Advanced Operating Systems
,https://www.youtube.com/watch?v=TkRTYede9_Y,Xen and Guests - Georgia Tech - Advanced Operating Systems
,https://www.youtube.com/watch?v=YeTL3TBkH8Y,Conclusion - Georgia Tech - Advanced Operating Systems
AOS Lesson 4: Parallel Systems,https://www.youtube.com/watch?v=ejv9OTfF1qI,Shared Memory Machine Model - Georgia Tech - Advanced Operating Systems
,https://www.youtube.com/watch?v=VO48QBCkvNI,Shared Memory and Caches - Georgia Tech - Advanced Operating Systems
,,Processes Quiz - Georgia Tech - Advanced Operating Systems
,https://www.youtube.com/watch?v=aPJWMC_OZVg,Processes Quiz Solution - Georgia Tech - Advanced Operating Systems
,https://www.youtube.com/watch?v=EWTNNm_s8MM,Memory Consistency Model - Georgia Tech - Advanced Operating Systems
,https://www.youtube.com/watch?v=IlXs3NF3fE8,Memory Consistency and Cache Coherence - Georgia Tech - Advanced Operating Systems
,https://www.youtube.com/watch?v=wpqmLuzWdqI,Hardware Cache Coherence - Georgia Tech - Advanced Operating Systems
,https://www.youtube.com/watch?v=Sl_fY-6XHSM,Scalability - Georgia Tech - Advanced Operating Systems
,https://www.youtube.com/watch?v=QEao9BQCMIQ,Lesson Summary - Georgia Tech - Advanced Operating Systems
,https://www.youtube.com/watch?v=ErQfpFEll3Q,Synchronization Primitives - Georgia Tech - Advanced Operating Systems
,,Programmer's Intent Quiz - Georgia Tech - Advanced Operating Systems
,https://www.youtube.com/watch?v=ez3YpZsmmvE,Programmer's Intent Quiz Solution - Georgia Tech - Advanced Operating Systems
,https://www.youtube.com/watch?v=fxdJZCe8D-g,Programmer's Intent Explanation - Georgia Tech - Advanced Operating Systems
,https://www.youtube.com/watch?v=Bh-V04jRwpo,Atomic Operations - Georgia Tech - Advanced Operating Systems
,https://www.youtube.com/watch?v=6226FBi6448,Scalability Issues With Synchronization - Georgia Tech - Advanced Operating Systems
,https://www.youtube.com/watch?v=60rpj2ZCqwE,Native Spinlock - Georgia Tech - Advanced Operating Systems
,https://www.youtube.com/watch?v=AEmd9llov2c,Problems With Native Spinlock Quiz - Georgia Tech - Advanced Operating Systems
,https://www.youtube.com/watch?v=D6KCAgMi1K8,Problems With Native Spinlock Quiz Solution - Georgia Tech - Advanced Operating Systems
,https://www.youtube.com/watch?v=Lo2Lneqd27k,Caching Spinlock - Georgia Tech - Advanced Operating Systems
,https://www.youtube.com/watch?v=KlRkAdQKjnE,Spinlocks With Delay - Georgia Tech - Advanced Operating Systems
,https://www.youtube.com/watch?v=r8eNGLY26T0,Ticket Lock - Georgia Tech - Advanced Operating Systems
,https://www.youtube.com/watch?v=4mKAekEqYdQ,Spinlock Summary - Georgia Tech - Advanced Operating Systems
,https://www.youtube.com/watch?v=yKsH-QGtXPU,Array Based Queueing Lock - Georgia Tech - Advanced Operating Systems
,https://www.youtube.com/watch?v=W6rrkR2v2G8,Array Based Queueing Lock (cont) - Georgia Tech - Advanced Operating Systems
,https://www.youtube.com/watch?v=ur9vyAbYb2Q,Array Based Queueing Lock (cont) - Georgia Tech - Advanced Operating Systems
,https://www.youtube.com/watch?v=R-xJmv2cp5Q,Link Based Queueing Lock - Georgia Tech - Advanced Operating Systems
,https://www.youtube.com/watch?v=SJ3Ys9n2dgM,Link Based Queueing Lock (cont) - Georgia Tech - Advanced Operating Systems
,https://www.youtube.com/watch?v=tbVs1JR0Nf0,Link Based Queueing Lock (cont) - Georgia Tech - Advanced Operating Systems
,https://www.youtube.com/watch?v=o87PPY3MSvg,Link Based Queueing Lock (cont) - Georgia Tech - Advanced Operating Systems
,https://www.youtube.com/watch?v=SXUJ40PtcRo,Link Based Queueing Lock (cont) - Georgia Tech - Advanced Operating Systems
,https://www.youtube.com/watch?v=Da5xO_eQ-Qg,Link Based Queueing Lock (cont) - Georgia Tech - Advanced Operating Systems
,https://www.youtube.com/watch?v=P3dFwI_wQpc,Link Based Queueing Lock (cont) - Georgia Tech - Advanced Operating Systems
,https://www.youtube.com/watch?v=EvCEUWgiv2o,Link Based Queueing Lock (cont) - Georgia Tech - Advanced Operating Systems
,,Algorithm Grading Quiz - Georgia Tech - Advanced Operating Systems
,https://www.youtube.com/watch?v=KDBK0UzFtTI,Algorithm Grading Quiz Solution - Georgia Tech - Advanced Operating Systems
,https://www.youtube.com/watch?v=fCFndi19yNs,Barrier Synchronization - Georgia Tech - Advanced Operating Systems
,,Problems With Algorithm Quiz - Georgia Tech - Advanced Operating Systems
,https://www.youtube.com/watch?v=pinmJcSQqAg,Problems With Algorithm Quiz Solution - Georgia Tech - Advanced Operating Systems
,https://www.youtube.com/watch?v=FDlEuiGzwGw,Counting Barrier - Georgia Tech - Advanced Operating Systems
,https://www.youtube.com/watch?v=SqrcdEv4TY4,Sense Reversing Barrier - Georgia Tech - Advanced Operating Systems
,https://www.youtube.com/watch?v=KrDBffcroq0,Tree Barrier - Georgia Tech - Advanced Operating Systems
,https://www.youtube.com/watch?v=qciuV0CjV2Q,Tree Barrier (cont) - Georgia Tech - Advanced Operating Systems
,https://www.youtube.com/watch?v=caDFJXja07s,Tree Barrier (cont) - Georgia Tech - Advanced Operating Systems
,https://www.youtube.com/watch?v=9HjAVc9QHgA,Tree Barrier (cont) - Georgia Tech - Advanced Operating Systems
,https://www.youtube.com/watch?v=-blJqrOR39Q,4 Ary Arrival - Georgia Tech - Advanced Operating Systems
,https://www.youtube.com/watch?v=LlJb6hNcyrs,Binary Wakeup - Georgia Tech - Advanced Operating Systems
,https://www.youtube.com/watch?v=flGAKr0pJpY,Tournament Barrier - Georgia Tech - Advanced Operating Systems
,https://www.youtube.com/watch?v=VoJztVnEA6k,Tournament Barrier (cont) - Georgia Tech - Advanced Operating Systems
,https://www.youtube.com/watch?v=b5z9_6hLOWs,Tournament Barrier (cont) - Georgia Tech - Advanced Operating Systems
,https://www.youtube.com/watch?v=FavAvaYqOVM,Dissemination Barrier - Georgia Tech - Advanced Operating Systems
,https://www.youtube.com/watch?v=BjNZUzN720Q,Dissemination Barrier (cont) - Georgia Tech - Advanced Operating Systems
,,Barrier Completion Quiz - Georgia Tech - Advanced Operating Systems
,https://www.youtube.com/watch?v=BFr5u6SfQYE,Barrier Completion Quiz Solution - Georgia Tech - Advanced Operating Systems
,https://www.youtube.com/watch?v=GNQlVsl3CsM,Dissemination Barrier (cont) - Georgia Tech - Advanced Operating Systems
,https://www.youtube.com/watch?v=Eh1ZPt0DZkM,Performance Evaluation - Georgia Tech - Advanced Operating Systems
,https://www.youtube.com/watch?v=cf2iw6FoKeI,RPC and Client Server Systems - Georgia Tech - Advanced Operating Systems
,https://www.youtube.com/watch?v=gr7oaiUsxSU,RPC Vs Simple Procedure Call - Georgia Tech - Advanced Operating Systems
,,Kernel Copies Quiz - Georgia Tech - Advanced Operating Systems
,https://www.youtube.com/watch?v=MQUlO_8ceQk,Kernel Copies Quiz Solution - Georgia Tech - Advanced Operating Systems
,https://www.youtube.com/watch?v=duR1ECALwP8,Copying Overhead - Georgia Tech - Advanced Operating Systems
,https://www.youtube.com/watch?v=3wgP0EdgJOc,Making RPC Cheap - Georgia Tech - Advanced Operating Systems
,https://www.youtube.com/watch?v=kymU1PTXywA,Making RPC Cheap (Binding) - Georgia Tech - Advanced Operating Systems
,https://www.youtube.com/watch?v=8wEqsHp9fo0,Making RPC Cheap (Actual Calls) - Georgia Tech - Advanced Operating Systems
,https://www.youtube.com/watch?v=BnKnXOiApzE,Making RPC Cheap (Actual Calls) cont - Georgia Tech - Advanced Operating Systems
,https://www.youtube.com/watch?v=2ltVFrDo4Ds,Making RPC Cheap (Actual Calls) cont - Georgia Tech - Advanced Operating Systems
,https://www.youtube.com/watch?v=VQ83o_YNSxg,Making RPC Cheap Summary - Georgia Tech - Advanced Operating Systems
,https://www.youtube.com/watch?v=XjWYQGoLQjI,RPC on SMP - Georgia Tech - Advanced Operating Systems
,https://www.youtube.com/watch?v=KoaqnlNbQt4,RPC on SMP Summary - Georgia Tech - Advanced Operating Systems
,https://www.youtube.com/watch?v=jUMUTh9T14k,Scheduling First Principles - Georgia Tech - Advanced Operating Systems
,,Scheduler Quiz - Georgia Tech - Advanced Operating Systems
,https://www.youtube.com/watch?v=Dw439Z0fldU,Scheduler Quiz Solution - Georgia Tech - Advanced Operating Systems
,https://www.youtube.com/watch?v=WpVg2follbQ,Memory Hierarchy Refresher - Georgia Tech - Advanced Operating Systems
,https://www.youtube.com/watch?v=fSUqT4WpPdM,Cache Affinity Scheduling - Georgia Tech - Advanced Operating Systems
,https://www.youtube.com/watch?v=fQin6dsYTdE,Scheduling Policies - Georgia Tech - Advanced Operating Systems
,https://www.youtube.com/watch?v=aMrBQ8hcQnQ,Minimum Intervening Policy - Georgia Tech - Advanced Operating Systems
,https://www.youtube.com/watch?v=8XFwlrnRgts,Minimum Intervening Plue Queue Policy - Georgia Tech - Advanced Operating Systems
,https://www.youtube.com/watch?v=f7D27r4K8AQ,Summarizing Scheduling Policies - Georgia Tech - Advanced Operating Systems
,https://www.youtube.com/watch?v=aqtxGxD60d0,Scheduling Policy Quiz - Georgia Tech - Advanced Operating Systems
,https://www.youtube.com/watch?v=2Neu_QVru5Y,Scheduling Policy Quiz Solution - Georgia Tech - Advanced Operating Systems
,https://www.youtube.com/watch?v=HNm2Ci4rT1k,Implementation Issues - Georgia Tech - Advanced Operating Systems
,https://www.youtube.com/watch?v=oWh2iyAeT-Y,Performance - Georgia Tech - Advanced Operating Systems
,https://www.youtube.com/watch?v=w5M4nljyb24,Performance (cont) - Georgia Tech - Advanced Operating Systems
,https://www.youtube.com/watch?v=YfrRVdGTbHw,Cache Affinity and Multicore - Georgia Tech - Advanced Operating Systems
,https://www.youtube.com/watch?v=lLT1zGZrilE,Cache Aware Scheduling - Georgia Tech - Advanced Operating Systems
,https://www.youtube.com/watch?v=Iz0FhRfGUC8,Conclusion - Georgia Tech - Advanced Operating Systems
,https://www.youtube.com/watch?v=0Ttc67teb_4,Introduction - Georgia Tech - Advanced Operating Systems
,https://www.youtube.com/watch?v=Ph-eUJ76ZVY,OS for Parallel Machines - Georgia Tech - Advanced Operating Systems
,https://www.youtube.com/watch?v=9-2UOE9c1BA,Principles - Georgia Tech - Advanced Operating Systems
,https://www.youtube.com/watch?v=eyxL03AVLOY,Refresher on Page Fault Service - Georgia Tech - Advanced Operating Systems
,https://www.youtube.com/watch?v=ioCQnyHSgXA,Parallel OS and Page Fault Service - Georgia Tech - Advanced Operating Systems
,https://www.youtube.com/watch?v=7AP_XLUQQRI,Recipe for Scalable Structure in Parallel OS - Georgia Tech - Advanced Operating Systems
,https://www.youtube.com/watch?v=va7oqEKTeJQ,Tornado's Secret Sauce - Georgia Tech - Advanced Operating Systems
,https://www.youtube.com/watch?v=7Rkz-kuFAC4,Traditional Structure - Georgia Tech - Advanced Operating Systems
,https://www.youtube.com/watch?v=0_W-YIm-qhw,Objectization of Memory Management - Georgia Tech - Advanced Operating Systems
,https://www.youtube.com/watch?v=R7wVfc0Ncn8,Objectized Structure of VM Manager - Georgia Tech - Advanced Operating Systems
,https://www.youtube.com/watch?v=d9Ja55f5y2E,Advantages of Clustered Object - Georgia Tech - Advanced Operating Systems
,https://www.youtube.com/watch?v=XRz9DZC_l8U,Implementation of Clustered Object - Georgia Tech - Advanced Operating Systems
,https://www.youtube.com/watch?v=H1PbOUxKRjw,Non Hierarchical Locking - Georgia Tech - Advanced Operating Systems
,https://www.youtube.com/watch?v=mei_GtXEqj4,NonHierarchical Locking (cont) - Georgia Tech - Advanced Operating Systems
,https://www.youtube.com/watch?v=PqAWlt8wzm8,Dynamic Memory Allocation - Georgia Tech - Advanced Operating Systems
,https://www.youtube.com/watch?v=tq6IPSCFGD0,IPC - Georgia Tech - Advanced Operating Systems
,https://www.youtube.com/watch?v=ckyn2grLX-M,Tornado Summary - Georgia Tech - Advanced Operating Systems
,https://www.youtube.com/watch?v=LllSiKZNrb4,Summary of Ideas in Corey System - Georgia Tech - Advanced Operating Systems
,https://www.youtube.com/watch?v=PH6zcRAiaf8,Virtualization - Georgia Tech - Advanced Operating Systems
,https://www.youtube.com/watch?v=mQnngbWoktQ,Virtualization to the Rescue - Georgia Tech - Advanced Operating Systems
,https://www.youtube.com/watch?v=89BUdewVKxM,Conclusion - Georgia Tech - Advanced Operating Systems
AOS Lesson 5: Distributed Systems,https://www.youtube.com/watch?v=rKd2HtmYkmg,Introduction - Georgia Tech - Advanced Operating Systems
,https://www.youtube.com/watch?v=5vabY0JmUVc,What is a Distributed System Quiz - Georgia Tech - Advanced Operating Systems
,https://www.youtube.com/watch?v=UEsnrTfEtec,What is a Distributed System Quiz Solution - Georgia Tech - Advanced Operating Systems
,https://www.youtube.com/watch?v=nH9uwoyczFc,Distributed Systems Definition - Georgia Tech - Advanced Operating Systems
,https://www.youtube.com/watch?v=HxwBEQphQ5c,A Fun Example - Georgia Tech - Advanced Operating Systems
,https://www.youtube.com/watch?v=gGilgOSYbaI,Happened Before Relationship - Georgia Tech - Advanced Operating Systems
,https://www.youtube.com/watch?v=xJukTEDnHOk,Relation Quiz - Georgia Tech - Advanced Operating Systems
,https://www.youtube.com/watch?v=Nck8jFX5dww,Relation Quiz Solution - Georgia Tech - Advanced Operating Systems
,https://www.youtube.com/watch?v=q-CwESo9UsM,Happened Before Relation (cont) - Georgia Tech - Advanced Operating Systems
,https://www.youtube.com/watch?v=fgzBzT4K7Q4,Identifying Events Quiz - Georgia Tech - Advanced Operating Systems
,https://www.youtube.com/watch?v=kz5ZSgxKasU,Identifying Events Quiz Solution - Georgia Tech - Advanced Operating Systems
,https://www.youtube.com/watch?v=unLnsRDCZVw,Example of Event Ordering - Georgia Tech - Advanced Operating Systems
,https://www.youtube.com/watch?v=q1JkuBzWgUo,Introduction - Georgia Tech - Advanced Operating Systems
,https://www.youtube.com/watch?v=EDkx-c1Tjg4,Lamport's Logical Clock - Georgia Tech - Advanced Operating Systems
,https://www.youtube.com/watch?v=FB6XBQk05lY,Events Quiz - Georgia Tech - Advanced Operating Systems
,https://www.youtube.com/watch?v=Ms83lzJs9os,Events Quiz Solution - Georgia Tech - Advanced Operating Systems
,https://www.youtube.com/watch?v=gaptoWIYgeg,Logical Clock Conditions - Georgia Tech - Advanced Operating Systems
,https://www.youtube.com/watch?v=zQXYSi9kDyU,Need For a Total Order - Georgia Tech - Advanced Operating Systems
,https://www.youtube.com/watch?v=z2oY8LWHYq8,Lamport's Total Order - Georgia Tech - Advanced Operating Systems
,https://www.youtube.com/watch?v=Su04Dvu3-4w,Total Order Quiz - Georgia Tech - Advanced Operating Systems
,https://www.youtube.com/watch?v=Z_aZi5O56KI,Total Order Quiz Solution - Georgia Tech - Advanced Operating Systems
,https://www.youtube.com/watch?v=tghUsRcqP-k,Distributed ME Lock Algorithm - Georgia Tech - Advanced Operating Systems
,https://www.youtube.com/watch?v=G_iczjkh-Lw,Distributed ME Lock Algorithm (cont) - Georgia Tech - Advanced Operating Systems
,https://www.youtube.com/watch?v=fcFth2DM7tc,Messages Quiz - Georgia Tech - Advanced Operating Systems
,https://www.youtube.com/watch?v=gQ3CWXL7lsU,Messages Quiz Solution - Georgia Tech - Advanced Operating Systems
,https://www.youtube.com/watch?v=FfzDgvsCNQM,Message Complexity - Georgia Tech - Advanced Operating Systems
,https://www.youtube.com/watch?v=HX_EA8_nG54,Real World Scenario - Georgia Tech - Advanced Operating Systems
,https://www.youtube.com/watch?v=QgWz_s7uugE,Lamport's Physical Clock - Georgia Tech - Advanced Operating Systems
,https://www.youtube.com/watch?v=VIgMnexiH9g,IPC Time and Clock Dirft - Georgia Tech - Advanced Operating Systems
,https://www.youtube.com/watch?v=7fEO3nlwXjc,Real World Example (cont) - Georgia Tech - Advanced Operating Systems
,https://www.youtube.com/watch?v=KuVtFLatJAI,Conclusion - Georgia Tech - Advanced Operating Systems
,https://www.youtube.com/watch?v=N6nHv1BDPPQ,Introduction - Georgia Tech - Advanced Operating Systems
,https://www.youtube.com/watch?v=_iuwVTNdJiI,Latency Quiz - Georgia Tech - Advanced Operating Systems
,https://www.youtube.com/watch?v=_gWc2Ikq9aA,Latency Quiz Solution - Georgia Tech - Advanced Operating Systems
,https://www.youtube.com/watch?v=4V1ynaj6dq8,Latency vs Throughput - Georgia Tech - Advanced Operating Systems
,https://www.youtube.com/watch?v=eSigjhE9S78,Components of RPC Latency - Georgia Tech - Advanced Operating Systems
,https://www.youtube.com/watch?v=qDljciDJSw0,Sources of Overhead on RPC - Georgia Tech - Advanced Operating Systems
,https://www.youtube.com/watch?v=Q2fkck7s07Q,Marshaling and Data Copying - Georgia Tech - Advanced Operating Systems
,https://www.youtube.com/watch?v=QK227Ey8Cu4,Marshaling and Data Copying (cont) - Georgia Tech - Advanced Operating Systems
,https://www.youtube.com/watch?v=1R08yxconDs,Control Transfer - Georgia Tech - Advanced Operating Systems
,https://www.youtube.com/watch?v=cQTmqz5Nxgo,Control Transfer (cont) - Georgia Tech - Advanced Operating Systems
,https://www.youtube.com/watch?v=YZ_WmKyKEUs,Protocol Processing - Georgia Tech - Advanced Operating Systems
,https://www.youtube.com/watch?v=6WzjlVw_b-g,Protocol Processing (cont) - Georgia Tech - Advanced Operating Systems
,https://www.youtube.com/watch?v=OwoMVYt1XUQ,Conclusion - Georgia Tech - Advanced Operating Systems
AOS Lesson 9: Internet Computing,https://www.youtube.com/watch?v=-nY-8shbqOo,Introduction - Georgia Tech - Advanced Operating Systems
,https://www.youtube.com/watch?v=6E0bLlZhq68,Routing on the Internet - Georgia Tech - Advanced Operating Systems
,https://www.youtube.com/watch?v=pV3YVncEwp0,An Example - Georgia Tech - Advanced Operating Systems
,https://www.youtube.com/watch?v=8TKdsjd_HAo,How to Implement the Vision - Georgia Tech - Advanced Operating Systems
,https://www.youtube.com/watch?v=ZKgQChNiwzY,ANTS Toolkit - Georgia Tech - Advanced Operating Systems
,https://www.youtube.com/watch?v=9PvZIjEs2uE,ANTS Capsule and API - Georgia Tech - Advanced Operating Systems
,https://www.youtube.com/watch?v=PbHe4V18KcA,Capsule Implementation - Georgia Tech - Advanced Operating Systems
,https://www.youtube.com/watch?v=E-BapPglCl8,Potential Apps - Georgia Tech - Advanced Operating Systems
,https://www.youtube.com/watch?v=CkUGlfuAkuY,Pros and Cons of Active Networks - Georgia Tech - Advanced Operating Systems
,https://www.youtube.com/watch?v=d4ladkO2zVU,Roadblocks Quiz - Georgia Tech - Advanced Operating Systems
,https://www.youtube.com/watch?v=gj8SEvEc8q8,Roadblocks Quiz Solution - Georgia Tech - Advanced Operating Systems
,https://www.youtube.com/watch?v=oIwmkFTpo8o,Feasible - Georgia Tech - Advanced Operating Systems
,https://www.youtube.com/watch?v=XkOpgZwzF1w,Conclusion - Georgia Tech - Advanced Operating Systems
,https://www.youtube.com/watch?v=3pKfZb7cplY,Introduction - Georgia Tech - Advanced Operating Systems
,https://www.youtube.com/watch?v=QTpdTk6wMDk,The Big Picture - Georgia Tech - Advanced Operating Systems
,https://www.youtube.com/watch?v=WF9o7pvNvyM,Digging Deeper From Spec to Implementation - Georgia Tech - Advanced Operating Systems
,https://www.youtube.com/watch?v=GNXQBNf4RP0,Digging Deeper From Spec to Implementation (cont) - Georgia Tech - Advanced Operating Systems
,https://www.youtube.com/watch?v=6fE4LeGDVaI,Digging Deeper - Georgia Tech - Advanced Operating Systems
,https://www.youtube.com/watch?v=toYrnwgJdZU,Putting the Methodology to Work - Georgia Tech - Advanced Operating Systems
,https://www.youtube.com/watch?v=qFZIj9WPPUg,How to Optimize the Protocol Stack - Georgia Tech - Advanced Operating Systems
,https://www.youtube.com/watch?v=Z0RWTiD_pHM,NuPrl to the Rescue - Georgia Tech - Advanced Operating Systems
,https://www.youtube.com/watch?v=UtwGUDBZmvo,NuPrl to the Rescue (cont) - Georgia Tech - Advanced Operating Systems
,https://www.youtube.com/watch?v=ORfwa0dxzcE,Conclusion - Georgia Tech - Advanced Operating Systems
AOS Lesson 6: Distributed Objects & Middleware,https://www.youtube.com/watch?v=61f7BVQO6fY,Introduction - Georgia Tech - Advanced Operating Systems
,https://www.youtube.com/watch?v=jxv0AOe4HQo,How to Innovate OS - Georgia Tech - Advanced Operating Systems
,https://www.youtube.com/watch?v=Uks_t77_nyk,Object based vs Procedural Design - Georgia Tech - Advanced Operating Systems
,https://www.youtube.com/watch?v=DS_idEsax-s,Spring Approach - Georgia Tech - Advanced Operating Systems
,https://www.youtube.com/watch?v=nxkoYy7FOp8,Nucleus  Microkernel  of Spring - Georgia Tech - Advanced Operating Systems
,https://www.youtube.com/watch?v=blYTia8r3s8,Object Invocation Across the Network - Georgia Tech - Advanced Operating Systems
,https://www.youtube.com/watch?v=fcaUwpeKAoY,Secure Object Invocation - Georgia Tech - Advanced Operating Systems
,https://www.youtube.com/watch?v=ufePW24Xs3c,Abstractions Quiz - Georgia Tech - Advanced Operating Systems
,https://www.youtube.com/watch?v=Rs-sf1_NlwI,Abstractions Quiz Solution - Georgia Tech - Advanced Operating Systems
,https://www.youtube.com/watch?v=DQCKCvmG9bE,Virtual Memory Management in Spring - Georgia Tech - Advanced Operating Systems
,https://www.youtube.com/watch?v=cQIarsHiVW0,Memory Object Specific Paging - Georgia Tech - Advanced Operating Systems
,https://www.youtube.com/watch?v=iVap5F4b-TE,Spring System Summary - Georgia Tech - Advanced Operating Systems
,https://www.youtube.com/watch?v=FlQ8m9TQuNA,Dynamic Client Server Relationship - Georgia Tech - Advanced Operating Systems
,https://www.youtube.com/watch?v=iW9-T8d4nFY,Subcontract - Georgia Tech - Advanced Operating Systems
,https://www.youtube.com/watch?v=NxsgAAwO0kg,Subcontract Interface for Stubs - Georgia Tech - Advanced Operating Systems
,https://www.youtube.com/watch?v=eV86JsLbPt8,Conclusion - Georgia Tech - Advanced Operating Systems
,https://www.youtube.com/watch?v=6OiieeFFSCo,Introduction - Georgia Tech - Advanced Operating Systems
,https://www.youtube.com/watch?v=rwFYdb1AUxA,Java Language Quiz - Georgia Tech - Advanced Operating Systems
,https://www.youtube.com/watch?v=eCx87JRJ31s,Java Language Quiz Solution - Georgia Tech - Advanced Operating Systems
,https://www.youtube.com/watch?v=i8eTe51yH1s,Java History - Georgia Tech - Advanced Operating Systems
,https://www.youtube.com/watch?v=isg_qmXmcN0,Java Distributed Object Model - Georgia Tech - Advanced Operating Systems
,https://www.youtube.com/watch?v=k6HIiBKqzXY,Bank Account Example - Georgia Tech - Advanced Operating Systems
,https://www.youtube.com/watch?v=zscLpA14kR4,Reuse of Local Implementation - Georgia Tech - Advanced Operating Systems
,https://www.youtube.com/watch?v=Reo3NO0XEuw,Reuse of  Remote - Georgia Tech - Advanced Operating Systems
,https://www.youtube.com/watch?v=cxz4WfQoqvc,Implementation Preference Quiz - Georgia Tech - Advanced Operating Systems
,https://www.youtube.com/watch?v=8BuSt6jYWss,Implementation Preference Quiz Solution - Georgia Tech - Advanced Operating Systems
,https://www.youtube.com/watch?v=bvP_dNOUab8,Java RMI at Work (Server) - Georgia Tech - Advanced Operating Systems
,https://www.youtube.com/watch?v=jrr3xtyShR8,Java RMI at Work (Client) - Georgia Tech - Advanced Operating Systems
,https://www.youtube.com/watch?v=IsJnQgacCmY,RMI Implementation (RRL) - Georgia Tech - Advanced Operating Systems
,https://www.youtube.com/watch?v=ASu4g8Q1dVc,RMI Implementation Transport - Georgia Tech - Advanced Operating Systems
,https://www.youtube.com/watch?v=oYA5VHWxA9w,Conclusion - Georgia Tech - Advanced Operating Systems
,https://www.youtube.com/watch?v=QCL4w7adhTI,Introduction - Georgia Tech - Advanced Operating Systems
,https://www.youtube.com/watch?v=IXbsbljB9nQ,Inter Enterprise View - Georgia Tech - Advanced Operating Systems
,https://www.youtube.com/watch?v=mmM7uxkXmRM,An Example - Georgia Tech - Advanced Operating Systems
,https://www.youtube.com/watch?v=q4FOSgVj2bY,N Tier Applications - Georgia Tech - Advanced Operating Systems
,https://www.youtube.com/watch?v=KCX_99G8LIo,Structuring N Tier Applications - Georgia Tech - Advanced Operating Systems
,https://www.youtube.com/watch?v=0B3pK6EdhNY,Design Alternative  (Coarsegrain Session Beans) - Georgia Tech - Advanced Operating Systems
,https://www.youtube.com/watch?v=Q0LEIo3rHfY,Design Alternative  (Data Access Object) - Georgia Tech - Advanced Operating Systems
,https://www.youtube.com/watch?v=-lJxenRuzdc,Design Alternative  (Session Bean With Entity Bean) - Georgia Tech - Advanced Operating Systems
,https://www.youtube.com/watch?v=JcW7DfUP4Lw,Conclusion - Georgia Tech - Advanced Operating Systems
AOS Lesson 7: Distributed Subsystems,https://www.youtube.com/watch?v=aashdwoAiog,Introduction - Georgia Tech - Advanced Operating Systems
,https://www.youtube.com/watch?v=_vr032NsptA,Context for Global Memory System - Georgia Tech - Advanced Operating Systems
,https://www.youtube.com/watch?v=rPfzjLGf10c,GSM Basics - Georgia Tech - Advanced Operating Systems
,https://www.youtube.com/watch?v=Eqr0uY7Vcyw,Handling Page Faults Case 1 - Georgia Tech - Advanced Operating Systems
,https://www.youtube.com/watch?v=P1C1Xfc47os,Handling Page Faults Case 2 - Georgia Tech - Advanced Operating Systems
,https://www.youtube.com/watch?v=3Ntf9aca2Wg,Handling Page Faults Case 3 - Georgia Tech - Advanced Operating Systems
,https://www.youtube.com/watch?v=EoRkwNRm1_I,Handling Page Faults Case 4 - Georgia Tech - Advanced Operating Systems
,https://www.youtube.com/watch?v=pSPwStz_-Vk,Local and Global Boundary Quiz - Georgia Tech - Advanced Operating Systems
,https://www.youtube.com/watch?v=MhlnNbYwaVY,Local and Global Boundary Quiz Solution - Georgia Tech - Advanced Operating Systems
,https://www.youtube.com/watch?v=gDbXJzRhgKg,Behavior of Algorithm - Georgia Tech - Advanced Operating Systems
,https://www.youtube.com/watch?v=bno_jrCle1U,Geriatrics! - Georgia Tech - Advanced Operating Systems
,https://www.youtube.com/watch?v=op8Nzsikj1Y,Geriatrics! (cont) - Georgia Tech - Advanced Operating Systems
,https://www.youtube.com/watch?v=ctifA6-wT-I,Implementation in Unix - Georgia Tech - Advanced Operating Systems
,https://www.youtube.com/watch?v=n7rVwH2BhXU,Implementation in Unix (cont) - Georgia Tech - Advanced Operating Systems
,https://www.youtube.com/watch?v=kruFrzusogA,Data Structures - Georgia Tech - Advanced Operating Systems
,https://www.youtube.com/watch?v=bUKloID4VJQ,Data Structures (cont) - Georgia Tech - Advanced Operating Systems
,https://www.youtube.com/watch?v=i-Njdn2r1kQ,Putting the Data Structures to Work - Georgia Tech - Advanced Operating Systems
,https://www.youtube.com/watch?v=XPDuZ3OpBsI,Putting the Data Structures to Work (cont) - Georgia Tech - Advanced Operating Systems
,https://www.youtube.com/watch?v=WumSP2BLj2A,Putting the Data Structures to work (cont) - Georgia Tech - Advanced Operating Systems
,https://www.youtube.com/watch?v=jNjiBT3XRuE,Conclusion - Georgia Tech - Advanced Operating Systems
,https://www.youtube.com/watch?v=E4TSFpP3cTU,Introduction - Georgia Tech - Advanced Operating Systems
,https://www.youtube.com/watch?v=1JlFKgJ1bUg,Cluster as a Parallel Machine (Sequential Program) - Georgia Tech - Advanced Operating Systems
,https://www.youtube.com/watch?v=2bY1PxhkBBE,Cluster as a Parallel Machine  (Message Passing) - Georgia Tech - Advanced Operating Systems
,https://www.youtube.com/watch?v=6JpOgyJE0Lo,Cluster as a Parallel Machine (DSM) - Georgia Tech - Advanced Operating Systems
,https://www.youtube.com/watch?v=nZQO1ZZun-0,History of Shared Memory Systems - Georgia Tech - Advanced Operating Systems
,https://www.youtube.com/watch?v=dR8J5dfRN18,Shared Memory Programming - Georgia Tech - Advanced Operating Systems
,https://www.youtube.com/watch?v=gwNqeQ_xeuk,Memory Consistency and Cache Coherence - Georgia Tech - Advanced Operating Systems
,https://www.youtube.com/watch?v=AUxFuD_IfqA,Sequential Consistency - Georgia Tech - Advanced Operating Systems
,https://www.youtube.com/watch?v=-Ra54awwdPU,SC Memory Model - Georgia Tech - Advanced Operating Systems
,https://www.youtube.com/watch?v=yegWAZ3xuNg,Typical Parallel Program - Georgia Tech - Advanced Operating Systems
,https://www.youtube.com/watch?v=6OLnU27wDb0,Release Consistency - Georgia Tech - Advanced Operating Systems
,https://www.youtube.com/watch?v=NGYzoenFdTo,RC Memory Model - Georgia Tech - Advanced Operating Systems
,https://www.youtube.com/watch?v=U7Hy6cASZ5A,An Example - Georgia Tech - Advanced Operating Systems
,https://www.youtube.com/watch?v=0THhuHXujLM,Advantage of RC over SC - Georgia Tech - Advanced Operating Systems
,https://www.youtube.com/watch?v=3gtnFYrWa_0,Lazy RC - Georgia Tech - Advanced Operating Systems
,https://www.youtube.com/watch?v=ufGlXBAJ_Sc,Eager vs Lazy RC - Georgia Tech - Advanced Operating Systems
,https://www.youtube.com/watch?v=55BbOqzD0wc,Pros and Cons of Lazy and Eager Quiz - Georgia Tech - Advanced Operating Systems
,https://www.youtube.com/watch?v=vNTJnyGdYL0,Pros and Cons of Lazy and Eager Quiz Solution - Georgia Tech - Advanced Operating Systems
,https://www.youtube.com/watch?v=gs9JSh-ASAs,Software DSM - Georgia Tech - Advanced Operating Systems
,https://www.youtube.com/watch?v=KQ0uOalh7Og,Software DSM (cont) - Georgia Tech - Advanced Operating Systems
,https://www.youtube.com/watch?v=rlOpX0zQ-KY,LRC with Multi Writer Coherence Protocol - Georgia Tech - Advanced Operating Systems
,https://www.youtube.com/watch?v=PxfGU8jYO1c,LRC with Multi Writer Coherence Protocol (cont) - Georgia Tech - Advanced Operating Systems
,https://www.youtube.com/watch?v=6dNg3u9hs_g,LRC with Multi Writer Coherence Protocol - Georgia Tech - Advanced Operating Systems
,https://www.youtube.com/watch?v=z7eBssuIN3M,Implementation - Georgia Tech - Advanced Operating Systems
,https://www.youtube.com/watch?v=7OmsncWHWTs,Implementation (cont) - Georgia Tech - Advanced Operating Systems
,https://www.youtube.com/watch?v=Duxfpxnx6dA,Non Page Based DSM - Georgia Tech - Advanced Operating Systems
,https://www.youtube.com/watch?v=LTVbD9_t4iE,Scalability - Georgia Tech - Advanced Operating Systems
,https://www.youtube.com/watch?v=IffxZvPBAiY,DSM and Speedup - Georgia Tech - Advanced Operating Systems
,https://www.youtube.com/watch?v=qVEMq_tl5Sk,Conclusion - Georgia Tech - Advanced Operating Systems
,https://www.youtube.com/watch?v=z_UNXO7yaro,The First NFS Quiz - Georgia Tech - Advanced Operating Systems
,https://www.youtube.com/watch?v=6ap7_kBQUb4,The First NFS Quiz Solution - Georgia Tech - Advanced Operating Systems
,https://www.youtube.com/watch?v=wOQym_iOULE,NFS - Georgia Tech - Advanced Operating Systems
,https://www.youtube.com/watch?v=0zRt8G366UU,DFS - Georgia Tech - Advanced Operating Systems
,https://www.youtube.com/watch?v=RnGJP2Jue-M,Lesson Outline - Georgia Tech - Advanced Operating Systems
,https://www.youtube.com/watch?v=nkparL88DwU,Preliminaries  (Striping a File to Multiple Disks) - Georgia Tech - Advanced Operating Systems
,https://www.youtube.com/watch?v=TYqBtau0bYw,Preliminaries  (Log Structured File System) - Georgia Tech - Advanced Operating Systems
,https://www.youtube.com/watch?v=0zVS1uc-was,Preliminaries  Software (RAID) - Georgia Tech - Advanced Operating Systems
,https://www.youtube.com/watch?v=6dUoLbtVzgE,Putting Them All Together Plus More - Georgia Tech - Advanced Operating Systems
,https://www.youtube.com/watch?v=tqcwbmqit28,Dynamic Management - Georgia Tech - Advanced Operating Systems
,https://www.youtube.com/watch?v=8frZlXnOQ1M,Log Based Striping and Stripe Groups - Georgia Tech - Advanced Operating Systems
,https://www.youtube.com/watch?v=ZIGt_eYrXCw,Stripe Group - Georgia Tech - Advanced Operating Systems
,https://www.youtube.com/watch?v=Z8eZWQsnv1w,Cooperative Caching - Georgia Tech - Advanced Operating Systems
,https://www.youtube.com/watch?v=xyalTQzbdUw,Log Cleaning - Georgia Tech - Advanced Operating Systems
,https://www.youtube.com/watch?v=nOWVTd15s3k,Unix File System - Georgia Tech - Advanced Operating Systems
,https://www.youtube.com/watch?v=hEXucD9Y4Os,XFS Data Structures - Georgia Tech - Advanced Operating Systems
,https://www.youtube.com/watch?v=w2qnPh3WoU4,Client Reading a File  Own Cache - Georgia Tech - Advanced Operating Systems
,https://www.youtube.com/watch?v=AlyCFhQSlDM,Client Writing a File - Georgia Tech - Advanced Operating Systems
,https://www.youtube.com/watch?v=OXpHysDmEYM,Conclusion - Georgia Tech - Advanced Operating Systems
AOS Lesson 8: Failures & Recovery,https://www.youtube.com/watch?v=D0feztVihSA,Introduction - Georgia Tech - Advanced Operating Systems
,https://www.youtube.com/watch?v=g5vl7arCWxk,Persistence - Georgia Tech - Advanced Operating Systems
,https://www.youtube.com/watch?v=Pp5Dy1u0ARs,Server Design - Georgia Tech - Advanced Operating Systems
,https://www.youtube.com/watch?v=C6_32xwrn_U,RVM Primitives - Georgia Tech - Advanced Operating Systems
,https://www.youtube.com/watch?v=2mxYyLnAMOU,RVM Primitives (cont) - Georgia Tech - Advanced Operating Systems
,https://www.youtube.com/watch?v=8haLAnJAMeQ,How the Server Uses the Primitives - Georgia Tech - Advanced Operating Systems
,https://www.youtube.com/watch?v=FKHd7_Qsv80,How the Server Uses the Primitives (cont) - Georgia Tech - Advanced Operating Systems
,https://www.youtube.com/watch?v=l3VRepzjU4A,Transaction Optimizations - Georgia Tech - Advanced Operating Systems
,https://www.youtube.com/watch?v=8LBTkeAsX78,Implementation - Georgia Tech - Advanced Operating Systems
,https://www.youtube.com/watch?v=KsqOy4OjV58,Crash Recovery - Georgia Tech - Advanced Operating Systems
,https://www.youtube.com/watch?v=5J3BdScFKec,Log Truncation - Georgia Tech - Advanced Operating Systems
,https://www.youtube.com/watch?v=h6uzg0ZjS7I,Conclusion - Georgia Tech - Advanced Operating Systems
,https://www.youtube.com/watch?v=h66QbjALBAM,Introduction - Georgia Tech - Advanced Operating Systems
,https://www.youtube.com/watch?v=yzH3X44mYF4,System Crash - Georgia Tech - Advanced Operating Systems
,https://www.youtube.com/watch?v=h9CwgxsvqS8,LRVM Revisited - Georgia Tech - Advanced Operating Systems
,https://www.youtube.com/watch?v=M6zR4M0XEkw,Rio File Cache - Georgia Tech - Advanced Operating Systems
,https://www.youtube.com/watch?v=JgL5czmzt0Y,Vista RVM on Top of Rio - Georgia Tech - Advanced Operating Systems
,https://www.youtube.com/watch?v=7_QibILkrmk,Crash Recovery - Georgia Tech - Advanced Operating Systems
,https://www.youtube.com/watch?v=B5TYjZgyRpM,Vista Simplicity - Georgia Tech - Advanced Operating Systems
,https://www.youtube.com/watch?v=ssF6q_AqYMM,Conclusion - Georgia Tech - Advanced Operating Systems
,https://www.youtube.com/watch?v=JzoJqM8xU-Y,Cleaning up State Orphan Processes - Georgia Tech - Advanced Operating Systems
,https://www.youtube.com/watch?v=w8fIXBSjPCw,Introduction - Georgia Tech - Advanced Operating Systems
,https://www.youtube.com/watch?v=4vy57_EWXHM,Quiz Introduction - Georgia Tech - Advanced Operating Systems
,https://www.youtube.com/watch?v=xoQfozr0gS8,Quicksilver Quiz - Georgia Tech - Advanced Operating Systems
,https://www.youtube.com/watch?v=xSfgwAwBE3g,Quicksilver Quiz Solution - Georgia Tech - Advanced Operating Systems
,https://www.youtube.com/watch?v=iAQYFrOWg50,Distributed System Structure - Georgia Tech - Advanced Operating Systems
,https://www.youtube.com/watch?v=btCjay4am64,Quicksilver System Architecture - Georgia Tech - Advanced Operating Systems
,https://www.youtube.com/watch?v=Tp2lh5WHGEA,IPC Fundamental to System Services - Georgia Tech - Advanced Operating Systems
,https://www.youtube.com/watch?v=W9Dsrau2G7A,Bundling Distributed IPC and X Actions - Georgia Tech - Advanced Operating Systems
,https://www.youtube.com/watch?v=dqfDuFnkd6E,Transaction Management - Georgia Tech - Advanced Operating Systems
,https://www.youtube.com/watch?v=I0s7mYaLXCg,Distributed Transaction - Georgia Tech - Advanced Operating Systems
,https://www.youtube.com/watch?v=RpqXNbgjv4g,Commit Initiated by Coordinator - Georgia Tech - Advanced Operating Systems
,https://www.youtube.com/watch?v=t03Nl22vtAM,Upshot of Bundling IPC and Recovery - Georgia Tech - Advanced Operating Systems
,https://www.youtube.com/watch?v=CNozg_w9ByE,Implementation Notes - Georgia Tech - Advanced Operating Systems
,https://www.youtube.com/watch?v=D9C-HFO-XTg,Conclusion - Georgia Tech - Advanced Operating Systems
AOS Lesson 9: Internet Computing,https://www.youtube.com/watch?v=ugrB9OqLqCU,Introduction - Georgia Tech - Advanced Operating Systems
,https://www.youtube.com/watch?v=cxNG4mJEL-E,Giant Scale  Services Quiz - Georgia Tech - Advanced Operating Systems
,https://www.youtube.com/watch?v=cqlsOT10DoY,Giant Scale  Services Quiz Solution - Georgia Tech - Advanced Operating Systems
,https://www.youtube.com/watch?v=s9y5_3XrShc,Tablet Introduction - Georgia Tech - Advanced Operating Systems
,https://www.youtube.com/watch?v=j0zOzGSlg6c,Generic Service Model of Giant Scale Services - Georgia Tech - Advanced Operating Systems
,https://www.youtube.com/watch?v=WjiIPTaOFmQ,Clusters as Workhorses - Georgia Tech - Advanced Operating Systems
,https://www.youtube.com/watch?v=HXVVX7hQeuI,Load Management Choices - Georgia Tech - Advanced Operating Systems
,https://www.youtube.com/watch?v=gZV7dkGyNFw,Load Management at Network Level - Georgia Tech - Advanced Operating Systems
,https://www.youtube.com/watch?v=nSwraiJSQj8,DQ Principle - Georgia Tech - Advanced Operating Systems
,https://www.youtube.com/watch?v=bWrJh3Gcv_A,DQ Principle (cont) - Georgia Tech - Advanced Operating Systems
,https://www.youtube.com/watch?v=W1NmbcuomVM,Replication vs Partitioning - Georgia Tech - Advanced Operating Systems
,https://www.youtube.com/watch?v=Tk7e0LMsAlI,Graceful Degradation - Georgia Tech - Advanced Operating Systems
,https://www.youtube.com/watch?v=zSHzpj0dT94,Online Evolution and Growth - Georgia Tech - Advanced Operating Systems
,https://www.youtube.com/watch?v=vyRAoG4hIHI,Online Evolution and Growth (cont) - Georgia Tech - Advanced Operating Systems
,https://www.youtube.com/watch?v=RhRC-vnU0Mk,Conclusion - Georgia Tech - Advanced Operating Systems
,https://www.youtube.com/watch?v=d61gb8yZwRM,Introduction - Georgia Tech - Advanced Operating Systems
,https://www.youtube.com/watch?v=7nFBDFaiJxE,MapReduce - Georgia Tech - Advanced Operating Systems
,https://www.youtube.com/watch?v=wnTG3otai30,Why MapReduce - Georgia Tech - Advanced Operating Systems
,https://www.youtube.com/watch?v=F0s_UZYIkHM,Heavy Lifting Done by the Runtime - Georgia Tech - Advanced Operating Systems
,https://www.youtube.com/watch?v=ZLJ7dlITMOE,Heavy Lifting Done by the Runtime (cont) - Georgia Tech - Advanced Operating Systems
,https://www.youtube.com/watch?v=279iQAnQTgM,Issues to be handled by the Runtime - Georgia Tech - Advanced Operating Systems
,https://www.youtube.com/watch?v=zKbMdCdSD9Q,Conclusion - Georgia Tech - Advanced Operating Systems
,https://www.youtube.com/watch?v=QF_OiDuWmfY,Introduction - Georgia Tech - Advanced Operating Systems
,https://www.youtube.com/watch?v=SwMGigbxG-8,CDN's Quiz - Georgia Tech - Advanced Operating Systems
,https://www.youtube.com/watch?v=VGWRqNILALo,CDN's Quiz Solution - Georgia Tech - Advanced Operating Systems
,https://www.youtube.com/watch?v=nCLtfUjAVD4,DHT - Georgia Tech - Advanced Operating Systems
,https://www.youtube.com/watch?v=3B182oKBNSI,DHT Details - Georgia Tech - Advanced Operating Systems
,https://www.youtube.com/watch?v=X2SCanLFCsc,CDN (An Overlay Network) - Georgia Tech - Advanced Operating Systems
,https://www.youtube.com/watch?v=pbBcYb6kaRE,Overlay Networks in General - Georgia Tech - Advanced Operating Systems
,https://www.youtube.com/watch?v=wD17zvu3fo4,DHT and CDN's - Georgia Tech - Advanced Operating Systems
,https://www.youtube.com/watch?v=enAoKFrqZBs,Traditional Approach - Georgia Tech - Advanced Operating Systems
,https://www.youtube.com/watch?v=AAtiDoar9DM,Greedy Approach Leads to Metadata Server Overload - Georgia Tech - Advanced Operating Systems
,https://www.youtube.com/watch?v=DD1jkGdZLeo,Origin Server Overload - Georgia Tech - Advanced Operating Systems
,https://www.youtube.com/watch?v=QqsGTF7x5LA,Greedy Approach Leads to  Tree Saturation - Georgia Tech - Advanced Operating Systems
,https://www.youtube.com/watch?v=Jp4tZF7Op8E,Key Based Routing - Georgia Tech - Advanced Operating Systems
,https://www.youtube.com/watch?v=-uFp_m0RXdE,Coral Key Based Routing - Georgia Tech - Advanced Operating Systems
,https://www.youtube.com/watch?v=8AI__MdrkOM,Key Based Routing in Coral - Georgia Tech - Advanced Operating Systems
,https://www.youtube.com/watch?v=2FE8PrGATo4,Coral Sloppy DHT - Georgia Tech - Advanced Operating Systems
,https://www.youtube.com/watch?v=zWzW6o55hHw,Coral Sloppy DHT (cont) - Georgia Tech - Advanced Operating Systems
,https://www.youtube.com/watch?v=ruP5guuua9E,Coral in Action - Georgia Tech - Advanced Operating Systems
,https://www.youtube.com/watch?v=pHLrD9glT0c,Conclusion - Georgia Tech - Advanced Operating Systems
AOS Lesson 10: RT & Multimedia,https://www.youtube.com/watch?v=QC0ofNEkOxs,Introduction - Georgia Tech - Advanced Operating Systems
,https://www.youtube.com/watch?v=mpOCpjAF2zg,Sources of Latency - Georgia Tech - Advanced Operating Systems
,https://www.youtube.com/watch?v=bA5JPPayB9w,Timers Available - Georgia Tech - Advanced Operating Systems
,https://www.youtube.com/watch?v=8w461XDOOXA,Firm Timer Design - Georgia Tech - Advanced Operating Systems
,https://www.youtube.com/watch?v=_nqlUDTjUew,Firm Timer Implementation - Georgia Tech - Advanced Operating Systems
,https://www.youtube.com/watch?v=Whse_Lcd4ec,Reducing Kernel Preemption Latency - Georgia Tech - Advanced Operating Systems
,https://www.youtube.com/watch?v=-p-PQKpnG9o,Conclusion - Georgia Tech - Advanced Operating Systems
,https://www.youtube.com/watch?v=dd91XHNNrf0,Introduction - Georgia Tech - Advanced Operating Systems
,https://www.youtube.com/watch?v=vqGjy5R7G08,Programming Paradigms - Georgia Tech - Advanced Operating Systems
,https://www.youtube.com/watch?v=OxclSGFEeWk,Novel Multimedia Apps - Georgia Tech - Advanced Operating Systems
,https://www.youtube.com/watch?v=ub0nKo6ah8Y,Example- Large Scale Situation Awareness - Georgia Tech - Advanced Operating Systems
,https://www.youtube.com/watch?v=H02dzpkGXGU,Programming Model for Situation Awareness - Georgia Tech - Advanced Operating Systems
,https://www.youtube.com/watch?v=qHWkDT6w6bs,PTS Programming Model - Georgia Tech - Advanced Operating Systems
,https://www.youtube.com/watch?v=WtAZ1aBhXg0,Bundling Streams - Georgia Tech - Advanced Operating Systems
,https://www.youtube.com/watch?v=BRu9aK_YUWA,Power of Simplicity - Georgia Tech - Advanced Operating Systems
,https://www.youtube.com/watch?v=yFBdnbXzs0M,PTS Design Principles - Georgia Tech - Advanced Operating Systems
,https://www.youtube.com/watch?v=2CQhNCJeZvw,Persistant Channel Architecture - Georgia Tech - Advanced Operating Systems
,https://www.youtube.com/watch?v=seM2yG9sZas,Conclusion - Georgia Tech - Advanced Operating Systems
AOS Lesson 11: Security ,https://www.youtube.com/watch?v=3QlxS7t6TzI,Introduction - Georgia Tech - Advanced Operating Systems
,https://www.youtube.com/watch?v=ICdbxp1Gy80,Firsts  from Computing Pioneers - Georgia Tech - Advanced Operating Systems
,https://www.youtube.com/watch?v=dr8GbrWDmWc,Terminologies - Georgia Tech - Advanced Operating Systems
,https://www.youtube.com/watch?v=g6W718jZvVg,Levels of Protection - Georgia Tech - Advanced Operating Systems
,https://www.youtube.com/watch?v=bUc3IRrGnkg,Design Principles - Georgia Tech - Advanced Operating Systems
,https://www.youtube.com/watch?v=mDCxVZsjAek,Conclusion - Georgia Tech - Advanced Operating Systems
,https://www.youtube.com/watch?v=Rv7j6f2oWr0,Introduction - Georgia Tech - Advanced Operating Systems
,https://www.youtube.com/watch?v=DZHnvIAMXjg,State of Computing Circa 1988 - Georgia Tech - Advanced Operating Systems
,https://www.youtube.com/watch?v=aM3xH-Rg5Z0,Andrew Architecture - Georgia Tech - Advanced Operating Systems
,https://www.youtube.com/watch?v=alToTFRN7fQ,Encryption Primer - Georgia Tech - Advanced Operating Systems
,https://www.youtube.com/watch?v=SC8S9Ik-XXA,Private Key Encryption System in Action - Georgia Tech - Advanced Operating Systems
,https://www.youtube.com/watch?v=ySneJF9bWvs,Challenges for Andrew System - Georgia Tech - Advanced Operating Systems
,https://www.youtube.com/watch?v=0jV_Mxjbj-A,Andrew Solution - Georgia Tech - Advanced Operating Systems
,https://www.youtube.com/watch?v=1k-vI122N-Y,Login Process - Georgia Tech - Advanced Operating Systems
,https://www.youtube.com/watch?v=zP2TVUNM-XA,RPC Session Establishment - Georgia Tech - Advanced Operating Systems
,https://www.youtube.com/watch?v=Lu6ExKamfqE,RPC Session Establishment (cont) - Georgia Tech - Advanced Operating Systems
,https://www.youtube.com/watch?v=_uAUgllxJY0,Sequence Establishment Quiz - Georgia Tech - Advanced Operating Systems
,https://www.youtube.com/watch?v=RvzncKeF6AE,Sequence Establishment Quiz Solution - Georgia Tech - Advanced Operating Systems
,https://www.youtube.com/watch?v=F9x1cBym5YI,Login is a Special Case of Bind - Georgia Tech - Advanced Operating Systems
,https://www.youtube.com/watch?v=Td3KfTCg58A,Putting it all together - Georgia Tech - Advanced Operating Systems
,https://www.youtube.com/watch?v=TRa-9JJjEhQ,AFS Security Report Card Quiz - Georgia Tech - Advanced Operating Systems
,https://www.youtube.com/watch?v=qlCgDfmIcuk,AFS Security Report Card Quiz Solution - Georgia Tech - Advanced Operating Systems
,https://www.youtube.com/watch?v=XMH601pzLOo,Conclusion - Georgia Tech - Advanced Operating Systems
,,Interview With Yousef 1 - Georgia Tech - Advanced Operating Systems
,,Interview With Yousef 2 - Georgia Tech - Advanced Operating Systems
