url,title
https://www.youtube.com/watch?v=tawb_aeYQ2g,Lesson 1 Introduction - Georgia Tech - HPCA: Part 1
https://www.youtube.com/watch?v=MAYDdVZawIs,What is Computer Architecture? - Georgia Tech - HPCA: Part 1
https://www.youtube.com/watch?v=2gNkitc3CgQ,Why Do We Need Computer Architectures - Georgia Tech - HPCA: Part 1
https://www.youtube.com/watch?v=2tatQficy6I,Computer Architecture Quiz - Georgia Tech - HPCA: Part 1
https://www.youtube.com/watch?v=mbIsKDh9RxY,Computer Architectures Quiz Solution - Georgia Tech - HPCA: Part 1
https://www.youtube.com/watch?v=FmF4iqgZieY,Computer Architecture & Tech Trends - Georgia Tech - HPCA: Part 1
https://www.youtube.com/watch?v=HQs6pVVyw5E,Moore's Law - Georgia Tech HPCA Part 3
https://www.youtube.com/watch?v=V8KmPurGceM,Speed Doubling Quiz - Georgia Tech - HPCA: Part 1
https://www.youtube.com/watch?v=HKuBdjr1MEE,Speed Doubling Quiz Solution - Georgia Tech - HPCA: Part 1
https://www.youtube.com/watch?v=1_mjiQesgGI,Memory Wall - Georgia Tech - HPCA: Part 1
https://www.youtube.com/watch?v=QuCWf_BkTrI,"Processor Speed, Cost, Power - Georgia Tech - HPCA: Part 1"
https://www.youtube.com/watch?v=c8XZiM_JrVc,Speed vs Power vs Weight vs Cost Quiz - Georgia Tech - HPCA: Part 1
https://www.youtube.com/watch?v=_o2NRdmiroY,Speed vs Power vs Weight vs Cost Quiz Answer Quiz Solution - Georgia Tech - HPCA: Part 1
https://www.youtube.com/watch?v=U9Xb95V8S9o,Power Consumption - Georgia Tech - HPCA: Part 1
https://www.youtube.com/watch?v=9N8m_KEhJ10,Active Power - Georgia Tech - HPCA: Part 1
https://www.youtube.com/watch?v=zN5lg91v40g,Static Power - Georgia Tech - HPCA: Part 1
https://www.youtube.com/watch?v=rj0I7QOeI_Q,Active Power Quiz - Georgia Tech - HPCA: Part 1
https://www.youtube.com/watch?v=rn42r84dNVY,Active Power Quiz Solution - Georgia Tech - HPCA: Part 1
https://www.youtube.com/watch?v=Fii1MKGLEuA,Fabrication Cost 1 - Georgia Tech - HPCA: Part 1
https://www.youtube.com/watch?v=ZxYkrqQ5Z3U,Fabrication Yield - Georgia Tech - HPCA: Part 1
https://www.youtube.com/watch?v=vVZL-rzR8ok,Fabrication Cost 2 - Georgia Tech - HPCA: Part 1
https://www.youtube.com/watch?v=WXADAqCU_hk,Manufacturing Cost Quiz - Georgia Tech - HPCA: Part 1
https://www.youtube.com/watch?v=VzaxJzkC2Xw,Manufacturing Cost Quiz Answer Quiz Solution - Georgia Tech - HPCA: Part 1
https://www.youtube.com/watch?v=3s-5gnQz_Ms,Lesson 1 Outro - Georgia Tech - HPCA: Part 1
https://www.youtube.com/watch?v=q9yDL81QppI,Measurement Evaluation Intro - Georgia Tech - HPCA: Part 1
https://www.youtube.com/watch?v=tSq0txTi14M,Performance - Georgia Tech - HPCA: Part 1
https://www.youtube.com/watch?v=e9p3pAxq5mY,Latency and Throughput Quiz - Georgia Tech - HPCA: Part 1
https://www.youtube.com/watch?v=CO_YsRdZY1g,Latency and Throughput Quiz Solution - Georgia Tech - HPCA: Part 1
https://www.youtube.com/watch?v=xlWZgwUF6EI,Comparing Performance - Georgia Tech - HPCA: Part 1
https://www.youtube.com/watch?v=VqDt6QZSKsM,Performance Comparison Quiz - Georgia Tech - HPCA: Part 1
https://www.youtube.com/watch?v=9MrS_98Zalc,Performance Comparison Quiz Solution - Georgia Tech - HPCA: Part 1
https://www.youtube.com/watch?v=FX_MRYSY9bc,Performance Comparison Quiz 2 - Georgia Tech - HPCA: Part 1
https://www.youtube.com/watch?v=HcUwPRqbrCY,Performance Comparison Quiz Solution 2 - Georgia Tech - HPCA: Part 1
https://www.youtube.com/watch?v=llhwg27jz1Y,Speedup - Georgia Tech - HPCA: Part 1
https://www.youtube.com/watch?v=_TMxLmTYaT4,Measuring Performance - Georgia Tech - HPCA: Part 1
https://www.youtube.com/watch?v=ToJd7B1DywM,Benchmarks - Georgia Tech - HPCA: Part 1
https://www.youtube.com/watch?v=uWNCCkmmYtI,Types of Benchmarks - Georgia Tech - HPCA: Part 1
https://www.youtube.com/watch?v=dABhI7_6_gQ,Performance Reporting Quiz - Georgia Tech - HPCA: Part 1
https://www.youtube.com/watch?v=jCvib2OpQYU,Performance Reporting Quiz Solution - Georgia Tech - HPCA: Part 1
https://www.youtube.com/watch?v=cl-tJ6d9Lvk,Benchmark Standards - Georgia Tech - HPCA: Part 1
https://www.youtube.com/watch?v=3_drIF-lENE,Summarizing Performance - Georgia Tech - HPCA: Part 1
https://www.youtube.com/watch?v=-vuDuZ7oUaM,Speedup Averaging Quiz - Georgia Tech - HPCA: Part 1
https://www.youtube.com/watch?v=kT9qNvFV3Xc,Speedup Averaging Quiz Solution - Georgia Tech - HPCA: Part 1
https://www.youtube.com/watch?v=AgpW0SDtqC8,Iron Law of Performance - Georgia Tech - HPCA: Part 1
https://www.youtube.com/watch?v=WZbzs4wAKWE,Iron Law Quiz - Georgia Tech - HPCA: Part 1
https://www.youtube.com/watch?v=niWHWHQpcag,Iron Law Quiz Solution - Georgia Tech - HPCA: Part 1
https://www.youtube.com/watch?v=PTa64Hpue9U,Iron Law for Unequal Instruction Times - Georgia Tech - HPCA: Part 1
https://www.youtube.com/watch?v=Ewo8CnwJVUQ,Iron Law Quiz - Georgia Tech - HPCA: Part 1
https://www.youtube.com/watch?v=8cR7Mw2eKJ4,Iron Law Quiz Solution - Georgia Tech - HPCA: Part 1
https://www.youtube.com/watch?v=BxH93LTSOFo,Amdahl's Law - Georgia Tech - HPCA: Part 1
https://www.youtube.com/watch?v=46fvIyY3jIo,Amdahl's Law Quiz - Georgia Tech - HPCA: Part 1
https://www.youtube.com/watch?v=6heKcjWDjUQ,Amdah's Law Quiz Solution - Georgia Tech - HPCA: Part 1
https://www.youtube.com/watch?v=KAfiOjGUl6o,Amdal's Law Implications - Georgia Tech - HPCA: Part 1
https://www.youtube.com/watch?v=xk6upCI3GoI,Amdahl's Law Quiz 2 - Georgia Tech - HPCA: Part 1
https://www.youtube.com/watch?v=BOGVVL3O618,Amdahl's Law Quiz SOlution 2 Quiz Solution - Georgia Tech - HPCA: Part 1
https://www.youtube.com/watch?v=2lRj2ruSr74,Lhadma's Law - Georgia Tech - HPCA: Part 1
https://www.youtube.com/watch?v=B9C3KCliC9k,Diminishing Returns - Georgia Tech - HPCA: Part 1
https://www.youtube.com/watch?v=vCWpKubBbcw,Measurement Evaluation Outro - Georgia Tech - HPCA: Part 1
https://www.youtube.com/watch?v=hBBVgqE6KXU,Pipelining Intro - Georgia Tech - HPCA: Part 1
https://www.youtube.com/watch?v=otSXgSp-8EY,Pipelining - Georgia Tech - HPCA: Part 1
https://www.youtube.com/watch?v=eVRdfl4zxfI,Pipelining in a Processor - Georgia Tech - HPCA: Part 1
https://www.youtube.com/watch?v=QiJKYkCSesM,Laundry Pipelining Quiz - Georgia Tech - HPCA: Part 1
https://www.youtube.com/watch?v=BclKss54doo,Laundry Pipelining Quiz Solution - Georgia Tech - HPCA: Part 1
https://www.youtube.com/watch?v=DXmGulfwui0,Instruction Pipelining Quiz - Georgia Tech - HPCA: Part 1
https://www.youtube.com/watch?v=qWQbgQmr_Ns,Instruction Pipelining Quiz Solution - Georgia Tech - HPCA: Part 1
https://www.youtube.com/watch?v=GAUppsLpjvg,Pipeline CPI - Georgia Tech - HPCA: Part 1
https://www.youtube.com/watch?v=ltRlHzOSOzY,Processor Pipeline Stalls - Georgia Tech - HPCA: Part 1
https://www.youtube.com/watch?v=mGlwrbEtMOs,Processor Pipeline Stalls and Flushes - Georgia Tech - HPCA: Part 1
https://www.youtube.com/watch?v=Ma08iHI3e2c,Control Dependencies - Georgia Tech - HPCA: Part 1
https://www.youtube.com/watch?v=y7_lYD22Ue4,Control Dependence Quiz - Georgia Tech - HPCA: Part 1
https://www.youtube.com/watch?v=oINmTFw1zOE,Control Dependence Quiz Solution - Georgia Tech - HPCA: Part 1
https://www.youtube.com/watch?v=S4faoqIff7I,Data Dependencies - Georgia Tech - HPCA: Part 1
https://www.youtube.com/watch?v=v2xMnHTmMS0,Data Dependencies Quiz - Georgia Tech - HPCA: Part 1
https://www.youtube.com/watch?v=PtUW3D0oNIE,Data Dependencies Quiz Solution - Georgia Tech - HPCA: Part 1
https://www.youtube.com/watch?v=F0-hW8nc6es,Dependencies and Hazards - Georgia Tech - HPCA: Part 1
https://www.youtube.com/watch?v=H68Md6aINuM,Dependencies and Hazards Quiz - Georgia Tech - HPCA: Part 1
https://www.youtube.com/watch?v=lqIhFybwLRg,Dependencies and Hazards Quiz Solution - Georgia Tech - HPCA: Part 1
https://www.youtube.com/watch?v=x6vuFvSg2Uo,Handling of Hazards - Georgia Tech - HPCA: Part 1
https://www.youtube.com/watch?v=Db9PDFeG6PQ,"Flushes, Stalls, and Forwarding Quiz - Georgia Tech - HPCA: Part 1"
https://www.youtube.com/watch?v=LkDztYlTtxQ,"Flushes, Stalls, and Forwarding Quiz Solution - Georgia Tech - HPCA: Part 1"
https://www.youtube.com/watch?v=hk34qSnMcV4,How Many Stages - Georgia Tech - HPCA: Part 1
https://www.youtube.com/watch?v=VIT8gkOZQXc,Pipelining Outro - Georgia Tech - HPCA: Part 1
https://www.youtube.com/watch?v=TdZaDBcPWF4,Branches Intro - Georgia Tech - HPCA: Part 1
https://www.youtube.com/watch?v=ckQAlp7WeHo,Branch in a Pipeline - Georgia Tech - HPCA: Part 1
https://www.youtube.com/watch?v=C_pQScxiISA,Branch Prediction Requirements - Georgia Tech - HPCA: Part 1
https://www.youtube.com/watch?v=wse0huBFfZA,Branch Prediction Accuracy - Georgia Tech - HPCA: Part 1
https://www.youtube.com/watch?v=5TccpE4k2LQ,Branch Prediction Benefit Quiz - Georgia Tech - HPCA: Part 1
https://www.youtube.com/watch?v=Uil5Kz_cQz4,Branch Prediction Benefit Solution Quiz - Georgia Tech - HPCA: Part 1
https://www.youtube.com/watch?v=IRLLLLjMLwM,Performance With Not Taken Prediction - Georgia Tech - HPCA: Part 1
https://www.youtube.com/watch?v=mw4T0jrSuWk,Multiple Predictions Quiz - Georgia Tech - HPCA: Part 1
https://www.youtube.com/watch?v=WvgHuPvPwcQ,Multiple Predictions Solution Quiz - Georgia Tech - HPCA: Part 1
https://www.youtube.com/watch?v=sL4EGIphY9w,Predict Not Taken - Georgia Tech - HPCA: Part 1
https://www.youtube.com/watch?v=oFZEu_yLRuA,Why We Need Better Prediction - Georgia Tech - HPCA: Part 1
https://www.youtube.com/watch?v=9Iyi6A4lglg,Predictor Impact Quiz - Georgia Tech - HPCA: Part 1
https://www.youtube.com/watch?v=6_38EjfVmz4,Predictor Impact Solution Quiz - Georgia Tech - HPCA: Part 1
https://www.youtube.com/watch?v=I5vDaDk01D0,Why We Need Better Predicition Part 2 - Georgia Tech - HPCA: Part 1
https://www.youtube.com/watch?v=Jxk7ZPxVKw4,Better Prediction How - Georgia Tech - HPCA: Part 1
https://www.youtube.com/watch?v=0b7T_035pRs,BTB Branch Target Buffer - Georgia Tech - HPCA: Part 1
https://www.youtube.com/watch?v=YQEq04nNm_o,Realistic BTB - Georgia Tech - HPCA: Part 1
https://www.youtube.com/watch?v=QR4imRWuyHU,BTB Quiz - Georgia Tech - HPCA: Part 1
https://www.youtube.com/watch?v=--hnoN6iUxI,BTB Solution Quiz - Georgia Tech - HPCA: Part 1
https://www.youtube.com/watch?v=s4jOyD51dSo,Direction Predictor - Georgia Tech - HPCA: Part 1
https://www.youtube.com/watch?v=NzxBiPABGW4,BTB and BHT Quiz - Georgia Tech - HPCA: Part 1
https://www.youtube.com/watch?v=l86vndxJdS4,BTB and BHT Solution Quiz - Georgia Tech - HPCA: Part 1
https://www.youtube.com/watch?v=Gtjw_NuVGUo,BTB and BHT Quiz 2 - Georgia Tech - HPCA: Part 1
https://www.youtube.com/watch?v=2cC592N0fYs,BTB and BHT Solution 2 Quiz - Georgia Tech - HPCA: Part 1
https://www.youtube.com/watch?v=Up6ufJrMBlk,BTB and BHT Quiz 3 - Georgia Tech - HPCA: Part 1
https://www.youtube.com/watch?v=ubQY-Ujk7JA,BTB and BHT Solution 3 Quiz - Georgia Tech - HPCA: Part 1
https://www.youtube.com/watch?v=3jHXc18s2e8,BTB and BHT Quiz 4 - Georgia Tech HPCA Part 3
https://www.youtube.com/watch?v=fN4-x-w8zLA,BTB and BHT Solution 4 Quiz - Georgia Tech - HPCA: Part 1
https://www.youtube.com/watch?v=_EQSVJ-82cQ,BTB and BHT Quiz 5 - Georgia Tech - HPCA: Part 1
https://www.youtube.com/watch?v=6yPg_0Qy9go,BTB and BHT Solution 5 Quiz - Georgia Tech - HPCA: Part 1
https://www.youtube.com/watch?v=malQIOtaAuU,Problems With 1 Bit Predictions - Georgia Tech - HPCA: Part 1
https://www.youtube.com/watch?v=JTXIhNQwhyw,2 Bit Predictor - Georgia Tech - HPCA: Part 1
https://www.youtube.com/watch?v=AWv8DCm_UYE,2 Bit Predictor Initialization - Georgia Tech - HPCA: Part 1
https://www.youtube.com/watch?v=PTojzuZ5qro,2BP Quiz - Georgia Tech - HPCA: Part 1
https://www.youtube.com/watch?v=BcJ1IyHKoxE,2BP Solution Quiz - Georgia Tech - HPCA: Part 1
https://www.youtube.com/watch?v=o0IiRKOqYx4,"1BP, 2BP - Georgia Tech - HPCA: Part 1"
https://www.youtube.com/watch?v=qUfNeC9VGgg,History Based Predictors - Georgia Tech - HPCA: Part 1
https://www.youtube.com/watch?v=zhyEYt2uylQ,1 Bit History With 2 Bit Count - Georgia Tech - HPCA: Part 1
https://www.youtube.com/watch?v=nK8gewando4,1 Bit History Quiz - Georgia Tech - HPCA: Part 1
https://www.youtube.com/watch?v=0Pjot9rMypg,1 Bit History Solution Quiz - Georgia Tech - HPCA: Part 1
https://www.youtube.com/watch?v=XvJDif_YIgY,2 Bit History Predictor - Georgia Tech - HPCA: Part 1
https://www.youtube.com/watch?v=Q2W_m6YTp50,2 Bit History Predictor 2 - Georgia Tech - HPCA: Part 1
https://www.youtube.com/watch?v=bM3wOLA0624,N Bit History Predictor Quiz - Georgia Tech - HPCA: Part 1
https://www.youtube.com/watch?v=EY6TDeMafO4,N Bit History Predictor Solution Quiz - Georgia Tech - HPCA: Part 1
https://www.youtube.com/watch?v=bzmg02XPS3w,History Predictor Quiz - Georgia Tech - HPCA: Part 1
https://www.youtube.com/watch?v=LKq5J6wrENY,History Predictor Solution Quiz - Georgia Tech - HPCA: Part 1
https://www.youtube.com/watch?v=UtuSW4x8sWo,History With Shared Counters Part 1 - Georgia Tech - HPCA: Part 1
https://www.youtube.com/watch?v=5hSwS80E2JU,History With Shared Counters part 2 - Georgia Tech - HPCA: Part 1
https://www.youtube.com/watch?v=yVusEi6TqtA,History With Shared Counters part 3 - Georgia Tech - HPCA: Part 1
https://www.youtube.com/watch?v=zB_-8HcKl0A,PShare - Georgia Tech - HPCA: Part 1
https://www.youtube.com/watch?v=Php815_ufks,PShare vs GShare Quiz - Georgia Tech - HPCA: Part 1
https://www.youtube.com/watch?v=AuNj-qIFZ9U,PShare vs GShare Solution Quiz - Georgia Tech - HPCA: Part 1
https://www.youtube.com/watch?v=5VyrJOEGnGM,GShare or PShare - Georgia Tech - HPCA: Part 1
https://www.youtube.com/watch?v=Mx68YmI4uD8,Tournament Predictor - Georgia Tech - HPCA: Part 1
https://www.youtube.com/watch?v=n3eRnTLu-8g,Hierarchical Predictors - Georgia Tech - HPCA: Part 1
https://www.youtube.com/watch?v=RsPByrnqDfo,Hierarchical Predictor Example - Georgia Tech - HPCA: Part 1
https://www.youtube.com/watch?v=gF7tGsMJsiA,Multi Predictor Quiz - Georgia Tech - HPCA: Part 1
https://www.youtube.com/watch?v=ZxFXjqJUV7s,Multi Predictor Solution Quiz - Georgia Tech - HPCA: Part 1
https://www.youtube.com/watch?v=EV0rFOJ5EGs,Return Address Stack (RAS) - Georgia Tech - HPCA: Part 1
https://www.youtube.com/watch?v=e_kQSv4Xaew,RAS - Georgia Tech - HPCA: Part 1
https://www.youtube.com/watch?v=tqjW8QJa8zc,RAS Full Quiz - Georgia Tech - HPCA: Part 1
https://www.youtube.com/watch?v=d_TH6QlVOMY,RAS Full Solution Quiz - Georgia Tech - HPCA: Part 1
https://www.youtube.com/watch?v=WEXtKxkf6PY,But How Do We Know It's A RET - Georgia Tech - HPCA: Part 1
https://www.youtube.com/watch?v=JJtdVIeoT4Q,Branches Outro - Georgia Tech - HPCA: Part 1
https://www.youtube.com/watch?v=bBOsEjoz0q0,Predication Intro - Georgia Tech - HPCA: Part 1
https://www.youtube.com/watch?v=f4Nx3-chbqA,Predication - Georgia Tech - HPCA: Part 1
https://www.youtube.com/watch?v=a3USuiGJals,If Conversion - Georgia Tech - HPCA: Part 1
https://www.youtube.com/watch?v=HXXc0a9VByM,Conditional Move - Georgia Tech - HPCA: Part 1
https://www.youtube.com/watch?v=yiCPGpnN5qQ,MovZ MovN Quiz - Georgia Tech - HPCA: Part 1
https://www.youtube.com/watch?v=Oq_ZDc1b5q4,MovZ MovN Quiz Solution - Georgia Tech - HPCA: Part 1
https://www.youtube.com/watch?v=Tq-cSZU-Mek,MovZ MovN Performance - Georgia Tech - HPCA: Part 1
https://www.youtube.com/watch?v=znRCK4pM98s,MovZ MovN Performance Quiz - Georgia Tech - HPCA: Part 1
https://www.youtube.com/watch?v=eoksIH9EM6s,MovZ MovN Performance Quiz Solution - Georgia Tech - HPCA: Part 1
https://www.youtube.com/watch?v=RxGNh3_-om0,MOVc Summary - Georgia Tech - HPCA: Part 1
https://www.youtube.com/watch?v=r8oCVA0vGhI,Full Predication HW Support - Georgia Tech - HPCA: Part 1
https://www.youtube.com/watch?v=VsJVQCq1epg,Full Predication Example - Georgia Tech - HPCA: Part 1
https://www.youtube.com/watch?v=YwbW0XIhRxc,Full Predication Quiz - Georgia Tech - HPCA: Part 1
https://www.youtube.com/watch?v=Q7BogrgUdao,Full Predication Quiz Solution - Georgia Tech - HPCA: Part 1
https://www.youtube.com/watch?v=1A0dCRTGJc8,Predication Outro - Georgia Tech - HPCA: Part 1
https://www.youtube.com/watch?v=z4rWk3VMtm4,ILP Intro - Georgia Tech - HPCA: Part 2
https://www.youtube.com/watch?v=yVSzBOsdmvQ,ILP All in the Same Cycle - Georgia Tech - HPCA: Part 2
https://www.youtube.com/watch?v=Ix052kz6-NY,The Execute Stage - Georgia Tech - HPCA: Part 2
https://www.youtube.com/watch?v=wVYxb7NoX9A,RAW Dependencies - Georgia Tech - HPCA: Part 2
https://www.youtube.com/watch?v=1mg5Yaka88A,WAW Dependencies - Georgia Tech - HPCA: Part 2
https://www.youtube.com/watch?v=CWAr2MHdpn4,Dependency Quiz - Georgia Tech - HPCA: Part 2
https://www.youtube.com/watch?v=dufSae6W5gw,Dependency Quiz Solution - Georgia Tech - HPCA: Part 2
https://www.youtube.com/watch?v=GQzvfvNASCk,Removing False Dependencies - Georgia Tech - HPCA: Part 2
https://www.youtube.com/watch?v=7dhjLHXSPBI,Duplicating Register Values - Georgia Tech - HPCA: Part 2
https://www.youtube.com/watch?v=_fIho0oeDhc,Register Renaming - Georgia Tech - HPCA: Part 2
https://www.youtube.com/watch?v=-6hEDLf06M4,RAT Example - Georgia Tech - HPCA: Part 2
https://www.youtube.com/watch?v=Bj62GIiwVhs,Register Renaming Quiz - Georgia Tech - HPCA: Part 2
https://www.youtube.com/watch?v=pt0brJRkt0A,Register Renaming Quiz Solution - Georgia Tech - HPCA: Part 2
https://www.youtube.com/watch?v=H5KPnpwsyZk,False Dependencies After Renaming - Georgia Tech - HPCA: Part 2
https://www.youtube.com/watch?v=tazowJDpjIo,Instruction Level Parallelism (ILP) - Georgia Tech - HPCA: Part 2
https://www.youtube.com/watch?v=JYM0R41aqrs,ILP Example - Georgia Tech - HPCA: Part 2
https://www.youtube.com/watch?v=GjMqrRXJufk,ILP Quiz - Georgia Tech - HPCA: Part 2
https://www.youtube.com/watch?v=6JUmcV9cBFs,ILP Quiz Solution - Georgia Tech - HPCA: Part 2
https://www.youtube.com/watch?v=DR1mCr_lOvY,ILP with Control Dependencies - Georgia Tech - HPCA: Part 2
https://www.youtube.com/watch?v=cVmsedRQFcQ,ILP vs IPC - Georgia Tech - HPCA: Part 2
https://www.youtube.com/watch?v=1DOkFNVi7xQ,IPC & ILP Quiz - Georgia Tech - HPCA: Part 2
https://www.youtube.com/watch?v=tE5tv0GM_SI,IPC & ILP Solution Quiz - Georgia Tech - HPCA: Part 2
https://www.youtube.com/watch?v=VWE1RniqC9c,ILP & IPC Discussion - Georgia Tech - HPCA: Part 2
https://www.youtube.com/watch?v=DXOecD7-xuE,ILP Outro - Georgia Tech - HPCA: Part 2
https://www.youtube.com/watch?v=1HKeCTb0CDI,Tomasulo Intro - Georgia Tech - HPCA: Part 2
https://www.youtube.com/watch?v=6GlXvuzrw3M,Improving IPC - Georgia Tech - HPCA: Part 2
https://www.youtube.com/watch?v=PZZvhqnch5o,Tomasulo's Algorithm - Georgia Tech - HPCA: Part 2
https://www.youtube.com/watch?v=D29BgTLHYbk,The Picture - Georgia Tech - HPCA: Part 2
https://www.youtube.com/watch?v=3dF5XsES_Zg,Issue - Georgia Tech - HPCA: Part 2
https://www.youtube.com/watch?v=I2qMY0XvYHA,Issue Example - Georgia Tech - HPCA: Part 2
https://www.youtube.com/watch?v=9obMkk978j4,Issue Quiz - Georgia Tech - HPCA: Part 2
https://www.youtube.com/watch?v=Ht405gHWgnM,Issue Quiz Solution - Georgia Tech - HPCA: Part 2
https://www.youtube.com/watch?v=bEB7sZTP8zc,Dispatch - Georgia Tech - HPCA: Part 2
https://www.youtube.com/watch?v=ymdotljbPX4,More Than 1 Instruction Ready - Georgia Tech - HPCA: Part 2
https://www.youtube.com/watch?v=O_HHS-2UwMA,Dispatch Quiz - Georgia Tech - HPCA: Part 2
https://www.youtube.com/watch?v=n4AM-QJVEng,Dispatch Quiz Solution - Georgia Tech - HPCA: Part 2
https://www.youtube.com/watch?v=gsf5RUbx674,Write Result (Broadcast) - Georgia Tech - HPCA: Part 2
https://www.youtube.com/watch?v=VVnXhxiJLtE,More Than 1 Broadcast - Georgia Tech - HPCA: Part 2
https://www.youtube.com/watch?v=nYfcnxSKkAg,Broadcast  Stale  Result - Georgia Tech - HPCA: Part 2
https://www.youtube.com/watch?v=SQ7DpuDVEEs,Review Part 2 - Georgia Tech - HPCA: Part 2
https://www.youtube.com/watch?v=TLFs6jfN89g,Review Part 2 - Georgia Tech - HPCA: Part 2
https://www.youtube.com/watch?v=SQMFoZUT1EI,One Cycle Quiz Part 2 - Georgia Tech - HPCA: Part 2
https://www.youtube.com/watch?v=qx4iLZk1R8M,One Cycle Solution Part 2 Quiz - Georgia Tech - HPCA: Part 2
https://www.youtube.com/watch?v=8xwipXSTMY8,One Cycle Quiz Part 2 - Georgia Tech - HPCA: Part 2
https://www.youtube.com/watch?v=QcpLaXiIocQ,One Cycle Quiz Part 2 Quiz Solution - Georgia Tech - HPCA: Part 2
https://www.youtube.com/watch?v=49idewJ6xDE,One Cycle Quiz Part 3 - Georgia Tech - HPCA: Part 2
https://www.youtube.com/watch?v=rUXeS_Ic-ZY,One Cycle Quiz Part 3 Quiz Solution - Georgia Tech - HPCA: Part 2
https://www.youtube.com/watch?v=SRdmdxs_5Nc,Tomasulo's Algorithm Quiz - Georgia Tech - HPCA: Part 2
https://www.youtube.com/watch?v=oaK-IStc23g,Tomasulo's Algorithm Quiz Solution - Georgia Tech - HPCA: Part 2
https://www.youtube.com/watch?v=34aFmmyLt3k,Load and Store Instructions - Georgia Tech - HPCA: Part 2
https://www.youtube.com/watch?v=2M5NQFAaILk,Long Example Introduction - Georgia Tech - HPCA: Part 2
https://www.youtube.com/watch?v=GC8Cp-M0o6Q,Long Example Cycles 1-2 - Georgia Tech - HPCA: Part 2
https://www.youtube.com/watch?v=G0Kap6eq_Ys,Long Example Cycles 3-4 - Georgia Tech - HPCA: Part 2
https://www.youtube.com/watch?v=I1VOoFhrnio,Long Example Cycles 5-6 - Georgia Tech - HPCA: Part 2
https://www.youtube.com/watch?v=wmrPTJpUnV4,Long Example Cycles 7-9 - Georgia Tech - HPCA: Part 2
https://www.youtube.com/watch?v=ZQ6Tdrs16_U,Long Example Cycles 10-end - Georgia Tech - HPCA: Part 2
https://www.youtube.com/watch?v=ZqbhHjFSBoI,Timing Example - Georgia Tech - HPCA: Part 2
https://www.youtube.com/watch?v=REnx6lZ3eKQ,Tomasulo Timing Quiz Part 2 - Georgia Tech - HPCA: Part 2
https://www.youtube.com/watch?v=ow70TBzu_Rk,Tomasulo Timing Quiz Part 2 Quiz Solution - Georgia Tech - HPCA: Part 2
https://www.youtube.com/watch?v=deFR2cx9pew,Tomasulo Timing Quiz Part 2 - Georgia Tech - HPCA: Part 2
https://www.youtube.com/watch?v=Kr99U900J58,Tomasulo Timing Quiz Part 2 Quiz Solution - Georgia Tech - HPCA: Part 2
https://www.youtube.com/watch?v=XKUflDtNMAs,Tomasulo Outro - Georgia Tech - HPCA: Part 2
https://www.youtube.com/watch?v=Oqfk7U2eaFY,ROB Intro - Georgia Tech - HPCA: Part 3
https://www.youtube.com/watch?v=PoSmyyIA3GA,Exceptions in Out Of Order Execution - Georgia Tech - HPCA: Part 3
https://www.youtube.com/watch?v=MZ1RXeXbBUg,Branch Misprediction - Georgia Tech - HPCA: Part 3
https://www.youtube.com/watch?v=zPd0v6oEFPg,Correct Out of Order Execution - Georgia Tech - HPCA: Part 3
https://www.youtube.com/watch?v=TnxJA6uyP7Y,ROB Part 1 - Georgia Tech - HPCA: Part 3
https://www.youtube.com/watch?v=0w6lXz71eJ8,ROB Part 2 - Georgia Tech - HPCA: Part 3
https://www.youtube.com/watch?v=MQIDHE5GPRs,Free Reservation Stations Quiz - Georgia Tech - HPCA: Part 3
https://www.youtube.com/watch?v=IAX-kxjbVUI,Free Reservation Stations Quiz Quiz Solution - Georgia Tech - HPCA: Part 3
https://www.youtube.com/watch?v=p6clkAsUV7E,ROB Part 3 - Georgia Tech - HPCA: Part 3
https://www.youtube.com/watch?v=KEe5ZHlPEv0,Hardware Organization with ROB - Georgia Tech - HPCA: Part 3
https://www.youtube.com/watch?v=tm7tCjJnLlM,ROB Quiz - Georgia Tech - HPCA: Part 3
https://www.youtube.com/watch?v=yspix4sTSrM,ROB Quiz Solution - Georgia Tech - HPCA: Part 3
https://www.youtube.com/watch?v=GG09xSZ32MU,Branch Misprediction Recovery Part 1 - Georgia Tech - HPCA: Part 3
https://www.youtube.com/watch?v=ozc8ceuw-GA,Branch Misprediction Recovery Part 2 - Georgia Tech - HPCA: Part 3
https://www.youtube.com/watch?v=6kglkkpcd4w,ROB and Exceptions - Georgia Tech - HPCA: Part 3
https://www.youtube.com/watch?v=vpPjDW48v90,Outside View of Executed - Georgia Tech - HPCA: Part 3
https://www.youtube.com/watch?v=TwyAjp1CkIA,Exceptions with ROB Quiz - Georgia Tech - HPCA: Part 3
https://www.youtube.com/watch?v=u9gTAAMi5wc,Exceptions with ROB Quiz Solution - Georgia Tech - HPCA: Part 3
https://www.youtube.com/watch?v=PYFg7QOfcvI,RAT Updates on Commit - Georgia Tech - HPCA: Part 3
https://www.youtube.com/watch?v=39AFF5Qq5DI,ROB Example Cycles 1 2 - Georgia Tech - HPCA: Part 3
https://www.youtube.com/watch?v=c3hFm_DOUA0,ROB Example Cycles 3 4 - Georgia Tech - HPCA: Part 3
https://www.youtube.com/watch?v=4nZN_mLcCJo,ROB Example Cycles 5 & 6 - Georgia Tech - HPCA: Part 3
https://www.youtube.com/watch?v=bE3IFvoChyw,ROB Example Cycles 13-24 - Georgia Tech - HPCA: Part 3
https://www.youtube.com/watch?v=HmURweRTsU4,ROB Example Cycles 25-43 - Georgia Tech - HPCA: Part 3
https://www.youtube.com/watch?v=V0nywwV0lKU,ROB Example Cycles 44-48 - Georgia Tech - HPCA: Part 3
https://www.youtube.com/watch?v=X7lm5i7UvLA,ROB Quiz 1 - Georgia Tech - HPCA: Part 3
https://www.youtube.com/watch?v=ti14zWP2eC8,Rob Quiz Solution 1 - Georgia Tech - HPCA: Part 3
https://www.youtube.com/watch?v=lEYJUk8livc,ROB Quiz 2 - Georgia Tech - HPCA: Part 3
https://www.youtube.com/watch?v=Kq1AYOYqnqc,ROB Quiz Solution 2 - Georgia Tech - HPCA: Part 3
https://www.youtube.com/watch?v=EmPNgbrZGyc,ROB Quiz 3 - Georgia Tech - HPCA: Part 3
https://www.youtube.com/watch?v=2tYYcHwySz0,Rob Quiz Soluion 3 Quiz Solution - Georgia Tech - HPCA: Part 3
https://www.youtube.com/watch?v=qPyOGIZ4Vzw,ROB Quiz 4 - Georgia Tech - HPCA: Part 3
https://www.youtube.com/watch?v=97e6bdyeRes,ROB Quiz Solution 4 - Georgia Tech - HPCA: Part 3
https://www.youtube.com/watch?v=yPXVScCCkvI,ROB Quiz 5 - Georgia Tech - HPCA: Part 3
https://www.youtube.com/watch?v=vHrp5RS2TnY,ROB Quiz Solution 5 - Georgia Tech - HPCA: Part 3
https://www.youtube.com/watch?v=kFzBxmlC_9E,ROB Quiz 6 - Georgia Tech - HPCA: Part 3
https://www.youtube.com/watch?v=jx7uWE56OIs,ROB Quiz Solution 6 - Georgia Tech - HPCA: Part 3
https://www.youtube.com/watch?v=Ln_QigzYqRg,ROB Quiz 7 - Georgia Tech - HPCA: Part 3
https://www.youtube.com/watch?v=1QDi0UVNJWY,ROB Quiz Solution 7 - Georgia Tech - HPCA: Part 3
https://www.youtube.com/watch?v=2g7tAowG49w,ROB Quiz 8 - Georgia Tech - HPCA: Part 3
https://www.youtube.com/watch?v=cOGz_POBijk,ROB Quiz Solution 8 - Georgia Tech - HPCA: Part 3
https://www.youtube.com/watch?v=f9IcEtKTz8k,ROB Timing Example - Georgia Tech - HPCA: Part 3
https://www.youtube.com/watch?v=aIWhklBq-Wg,ROB Timing Quiz 1 - Georgia Tech - HPCA: Part 3
https://www.youtube.com/watch?v=yl1fI2ENIFk,ROB Timing Quiz Solution 1 - Georgia Tech - HPCA: Part 3
https://www.youtube.com/watch?v=lsLnP1ckOd4,ROB Timing Quiz 2 - Georgia Tech - HPCA: Part 3
https://www.youtube.com/watch?v=9EwWUp4jPto,ROB Timing Quiz Solution 2 - Georgia Tech - HPCA: Part 3
https://www.youtube.com/watch?v=EyrZ2K6BigI,ROB Timing Quiz 3 - Georgia Tech - HPCA: Part 3
https://www.youtube.com/watch?v=xAPD1seGoj0,ROB Timing Quiz Solution 3 - Georgia Tech - HPCA: Part 3
https://www.youtube.com/watch?v=-mvfHiFL8JA,Unified Reservation Stations - Georgia Tech - HPCA: Part 3
https://www.youtube.com/watch?v=bcTYdJTVWBY,Superscalar - Georgia Tech - HPCA: Part 3
https://www.youtube.com/watch?v=rTR18Lq0m2Y,Terminology Confusion - Georgia Tech - HPCA: Part 3
https://www.youtube.com/watch?v=gqM9OlKi78I,Out of Order - Georgia Tech - HPCA: Part 3
https://www.youtube.com/watch?v=axDRFXmXvXc,In Order vs Out of Order Quiz - Georgia Tech - HPCA: Part 3
https://www.youtube.com/watch?v=vPeDPeS0Vnw,In Order vs Out of Order Quiz Solution - Georgia Tech - HPCA: Part 3
https://www.youtube.com/watch?v=aY88UtrlwNQ,ROB Outro - Georgia Tech - HPCA: Part 3
https://www.youtube.com/watch?v=5L5CheUeSnw,Memory Ordering Intro - Georgia Tech - HPCA: Part 3
https://www.youtube.com/watch?v=z7HC-kNdv3I,Memory Access Ordering - Georgia Tech - HPCA: Part 3
https://www.youtube.com/watch?v=ixXzMWD253Q,When does Memory Write Happen - Georgia Tech - HPCA: Part 3
https://www.youtube.com/watch?v=utRgthVxAYk,Load Store Queue Part 1 - Georgia Tech - HPCA: Part 3
https://www.youtube.com/watch?v=mbwf-CoA5Zg,Load Store Queue Part 2 - Georgia Tech - HPCA: Part 3
https://www.youtube.com/watch?v=WC5Bo9UdI2w,Out of Order Load Store Execution - Georgia Tech - HPCA: Part 3
https://www.youtube.com/watch?v=JlWsFjgZ5AM,In Order Load Store Execution - Georgia Tech - HPCA: Part 3
https://www.youtube.com/watch?v=rcUBU_uVuc0,Memory Ordering Quiz - Georgia Tech - HPCA: Part 3
https://www.youtube.com/watch?v=QY_bMHEWDE4,Memory Ordering Quiz Solution - Georgia Tech - HPCA: Part 3
https://www.youtube.com/watch?v=MtuTFpevN4M,Store to Load Forwarding - Georgia Tech - HPCA: Part 3
https://www.youtube.com/watch?v=eHVLMgfy-Jc,LSQ Example - Georgia Tech - HPCA: Part 3
https://www.youtube.com/watch?v=MDKHre2XN2s,"LSQ, ROB, and RS - Georgia Tech - HPCA: Part 3"
https://www.youtube.com/watch?v=4R9_TA-yJ_k,Memory Ordering Quiz - Georgia Tech - HPCA: Part 3
https://www.youtube.com/watch?v=QKUXs6jp25k,Memory Ordering Quiz Solution - Georgia Tech - HPCA: Part 3
https://www.youtube.com/watch?v=jhs___ynsOk,Memory Ordering Quiz 2 - Georgia Tech - HPCA: Part 3
https://www.youtube.com/watch?v=JcvD3PrQfXM,Memory Ordering Quiz Solution 2 - Georgia Tech - HPCA: Part 3
https://www.youtube.com/watch?v=jZObivPlfsE,Memory Ordering Outro - Georgia Tech - HPCA: Part 3
https://www.youtube.com/watch?v=5AgphH_ZTV0,Compiler ILP Intro - Georgia Tech - HPCA: Part 3
https://www.youtube.com/watch?v=ssxlPuqYDBs,Can Compilers Help Improve IPC - Georgia Tech - HPCA: Part 3
https://www.youtube.com/watch?v=rp-L7oqFX28,Tree Height Reduction - Georgia Tech - HPCA: Part 3
https://www.youtube.com/watch?v=61vDGCztsH0,Tree Height Reduction Quiz - Georgia Tech - HPCA: Part 3
https://www.youtube.com/watch?v=SAZ7vHxNYC4,Tree Height Reduction Quiz Solution - Georgia Tech - HPCA: Part 3
https://www.youtube.com/watch?v=CdBZ0v-Jn5k,Make Independent Instructions Easier to Find - Georgia Tech - HPCA: Part 3
https://www.youtube.com/watch?v=3RJu_njJW2s,Instruction Scheduling - Georgia Tech - HPCA: Part 3
https://www.youtube.com/watch?v=6_9WMciW274,Instruction Scheduling Quiz - Georgia Tech - HPCA: Part 3
https://www.youtube.com/watch?v=U1U5ZY3cf-Q,Instruction Scheduling Quiz Solution - Georgia Tech - HPCA: Part 3
https://www.youtube.com/watch?v=b19csCNU-pA,Scheduling and If Conversion - Georgia Tech - HPCA: Part 3
https://www.youtube.com/watch?v=347I0RJLd_0,If Convert a Loop - Georgia Tech - HPCA: Part 3
https://www.youtube.com/watch?v=hsQj7n-8Q3A,Loop Unrolling - Georgia Tech - HPCA: Part 3
https://www.youtube.com/watch?v=2efeXxcYBPs,Loop Unrolling Benefits ILP - Georgia Tech - HPCA: Part 3
https://www.youtube.com/watch?v=2nx0ZCg5D9g,Loop Unrolling Benefits CPI Part 1 - Georgia Tech - HPCA: Part 3
https://www.youtube.com/watch?v=LTmE21VmzIk,Loop Unrolling Benefits CPI Part 2 - Georgia Tech - HPCA: Part 3
https://www.youtube.com/watch?v=EzDGaxZFU8M,Loop Unrolling Quiz - Georgia Tech - HPCA: Part 3
https://www.youtube.com/watch?v=hZK9yW3fx3Q,Unrolling Downside - Georgia Tech - HPCA: Part 3
https://www.youtube.com/watch?v=F7ELmtAvZ6w,Function Call Inlining - Georgia Tech - HPCA: Part 3
https://www.youtube.com/watch?v=OAfkmwfaGQw,Function Call Inlining Downside - Georgia Tech - HPCA: Part 3
https://www.youtube.com/watch?v=44SF5RgOka8,Fuction Inlining Quiz - Georgia Tech - HPCA: Part 3
https://www.youtube.com/watch?v=a5e3_j9Ufgc,Function Inlining Quiz Solution - Georgia Tech - HPCA: Part 3
https://www.youtube.com/watch?v=JpWvdFEOld8,Other IPC Enhancing Compiler Stuff - Georgia Tech - HPCA: Part 3
https://www.youtube.com/watch?v=y8DjRW-JVXg,Compiler ILP Outro - Georgia Tech - HPCA: Part 3
https://www.youtube.com/watch?v=wAqJCB3Pr0Q,VLIW Intro - Georgia Tech - HPCA: Part 3
https://www.youtube.com/watch?v=XcAQogx9b2Q,Superscalar vs VLIW - Georgia Tech - HPCA: Part 3
https://www.youtube.com/watch?v=Z59vNV0vkpY,Superscalar vs VLIW Quiz - Georgia Tech - HPCA: Part 3
https://www.youtube.com/watch?v=3mx7k3q6ScA,Superscalar vs VLIW Quiz Solution - Georgia Tech - HPCA: Part 3
https://www.youtube.com/watch?v=ka21kGrPI_k,The Good and the Bad - Georgia Tech - HPCA: Part 3
https://www.youtube.com/watch?v=2NpwdGvRdlk,VLIW Backward Compatibility Quiz - Georgia Tech - HPCA: Part 3
https://www.youtube.com/watch?v=lGs-qAg9-ko,VLIW Backward Compatibility Quiz Solution - Georgia Tech - HPCA: Part 3
https://www.youtube.com/watch?v=IxgBsGkFFwQ,VLIW Instructions - Georgia Tech - HPCA: Part 3
https://www.youtube.com/watch?v=MKSKY-wzDw0,VLIW Examples - Georgia Tech - HPCA: Part 3
https://www.youtube.com/watch?v=i2R8l7M_9VQ,VLIW Target Market Quiz - Georgia Tech - HPCA: Part 3
https://www.youtube.com/watch?v=AMzfY7-pyRk,VLIW Target Quiz Solution - Georgia Tech - HPCA: Part 3
https://www.youtube.com/watch?v=yiMlLe4lnNw,VLIW Outro - Georgia Tech - HPCA: Part 3
https://www.youtube.com/watch?v=cA5QyqRSQTE,Cache Review Intro - Georgia Tech - HPCA: Part 3
https://www.youtube.com/watch?v=z9LHetPW0Vs,Locality Principle - Georgia Tech - HPCA: Part 3
https://www.youtube.com/watch?v=9xP6aRp2ayM,Locality Quiz - Georgia Tech - HPCA: Part 3
https://www.youtube.com/watch?v=vlU4XIG10f0,Locality Quiz Solution - Georgia Tech - HPCA: Part 3
https://www.youtube.com/watch?v=TwQX-GsfHwE,Memory References - Georgia Tech - HPCA: Part 3
https://www.youtube.com/watch?v=l5h1DfD4NFM,Temporal Locality Quiz - Georgia Tech - HPCA: Part 3
https://www.youtube.com/watch?v=qlzJRadjUFU,Temporal Locality Quiz Solution - Georgia Tech - HPCA: Part 3
https://www.youtube.com/watch?v=UyB7d5h1jrE,Spatial Locality Quiz - Georgia Tech - HPCA: Part 3
https://www.youtube.com/watch?v=VgX6JSffM3I,Spatial Locality Quiz Solution - Georgia Tech - HPCA: Part 3
https://www.youtube.com/watch?v=EZS0HrqQtWE,Locality and Data Accesses - Georgia Tech - HPCA: Part 3
https://www.youtube.com/watch?v=WnB9nrcTHRk,Cache Quiz - Georgia Tech - HPCA: Part 3
https://www.youtube.com/watch?v=Jr0l0NSNgPI,Cache Quiz Solution - Georgia Tech - HPCA: Part 3
https://www.youtube.com/watch?v=yM5fxxv0I5k,Cache Look Ups - Georgia Tech - HPCA: Part 3
https://www.youtube.com/watch?v=vX4mRT2HcnI,Cache Performance - Georgia Tech - HPCA: Part 3
https://www.youtube.com/watch?v=mK_Ufz-7sbQ,Hit Time Quiz - Georgia Tech - HPCA: Part 3
https://www.youtube.com/watch?v=SXX1EIJLoFA,Hit Time Quiz Solution - Georgia Tech - HPCA: Part 3
https://www.youtube.com/watch?v=zqcqZ85caCQ,Miss Rate Quiz - Georgia Tech - HPCA: Part 3
https://www.youtube.com/watch?v=bY5_aX-NKAA,Miss Rate Quiz Solution - Georgia Tech - HPCA: Part 3
https://www.youtube.com/watch?v=SQGiXT_UDUk,Cache Size in Real Processors - Georgia Tech - HPCA: Part 3
https://www.youtube.com/watch?v=WWPjRHipVEE,Cache Organization - Georgia Tech - HPCA: Part 3
https://www.youtube.com/watch?v=ngbSD2rqNv4,Block Size Quiz - Georgia Tech - HPCA: Part 3
https://www.youtube.com/watch?v=hMiqe1b2MjU,Block Size Quiz Solution - Georgia Tech - HPCA: Part 3
https://www.youtube.com/watch?v=XPgT3arcoTg,Cache Block Start Addr - Georgia Tech - HPCA: Part 3
https://www.youtube.com/watch?v=QuwbO2y9YzI,Blocks in Cache and Memory - Georgia Tech - HPCA: Part 3
https://www.youtube.com/watch?v=0xjchGe8pL0,Cache Line Sizes Quiz - Georgia Tech - HPCA: Part 3
https://www.youtube.com/watch?v=_XmHdC7l6GQ,Cache Line Sizes Quiz Solution - Georgia Tech - HPCA: Part 3
https://www.youtube.com/watch?v=pSZ5b9P19vM,Block Offset and Number - Georgia Tech - HPCA: Part 3
https://www.youtube.com/watch?v=ySZTniGHo2k,Block Number Quiz - Georgia Tech - HPCA: Part 3
https://www.youtube.com/watch?v=dsyT90LGuqo,Block Number Quiz Solution - Georgia Tech - HPCA: Part 3
https://www.youtube.com/watch?v=sJLtJ5veZR4,Cache Tags - Georgia Tech - HPCA: Part 3
https://www.youtube.com/watch?v=Fq_FV4-xLOc,Cache Tag Quiz - Georgia Tech - HPCA: Part 3
https://www.youtube.com/watch?v=fcuT3rntyPE,Cache Tag Quiz Solution- Georgia Tech - HPCA: Part 3
https://www.youtube.com/watch?v=kRrz0nQeLQk,Valid Bit - Georgia Tech - HPCA: Part 3
https://www.youtube.com/watch?v=z7vwuGn8tr8,Types of Caches - Georgia Tech - HPCA: Part 3
https://www.youtube.com/watch?v=0Zd0CRvwpPE,Direct Mapped Cache- Georgia Tech - HPCA: Part 3
https://www.youtube.com/watch?v=UIbBsksLTjU,Direct Mapped Cache Pros and Cons - Georgia Tech - HPCA: Part 3
https://www.youtube.com/watch?v=rPMgr-GMuQs,Direct Mapped Cache Quiz - Georgia Tech - HPCA: Part 3
https://www.youtube.com/watch?v=DtsHd3z2rEI,Direct Mapped Cache Quiz Solution- Georgia Tech - HPCA: Part 3
https://www.youtube.com/watch?v=A85_hWyP9Uw,Direct Mapped Cache Quiz - Georgia Tech - HPCA: Part 3
https://www.youtube.com/watch?v=6aeCozyC0wE,Direct Mapped Cache Quiz Solution 2 - Georgia Tech HPCA Part 3
https://www.youtube.com/watch?v=rFNmcmIKpQE,Set Associative Caches - Georgia Tech HPCA Part 3
https://www.youtube.com/watch?v=OUEg5WRxslM,"Offset, Index, Tag for Set Associative - Georgia Tech HPCA Part 3"
https://www.youtube.com/watch?v=tWwLurIS9xU,2 Way Set Associative Quiz - Georgia Tech HPCA Part 3
https://www.youtube.com/watch?v=ysGFfh8T_z8,2 Way Set Associative Quiz Solution - Georgia Tech HPCA Part 3
https://www.youtube.com/watch?v=fUqQ2DgYz4Q,Fully Associative Cache - Georgia Tech HPCA Part 3
https://www.youtube.com/watch?v=stXEIJSLQAI,Direct Mapped and Fully Associative - Georgia Tech HPCA Part 3
https://www.youtube.com/watch?v=NFp0U8jGTn0,Cache Replacement - Georgia Tech HPCA Part 3
https://www.youtube.com/watch?v=bq6N7Ym81iI,Implementing LRU - Georgia Tech HPCA Part 3
https://www.youtube.com/watch?v=Xc_HphIpVDY,LRU Quiz - Georgia Tech HPCA Part 3
https://www.youtube.com/watch?v=xz41g1pS6uw,LRU Quiz Solution - Georgia Tech HPCA Part 3
https://www.youtube.com/watch?v=fcoYZrW4cLE,Write Policy - Georgia Tech HPCA Part 3
https://www.youtube.com/watch?v=eo_nSNOTJUY,Write Back Caches - Georgia Tech HPCA Part 3
https://www.youtube.com/watch?v=xU0ICkgTLTo,Write Back Cache Example - Georgia Tech HPCA Part 3
https://www.youtube.com/watch?v=PfsfVYW7y1o,Write Back Cache Quiz - Georgia Tech HPCA Part 3
https://www.youtube.com/watch?v=lBho37BeCGQ,Write Back Cache Quiz Solution - Georgia Tech HPCA Part 3
https://www.youtube.com/watch?v=MWpy5bBxl5A,Cache Summary Part 1 - Georgia Tech HPCA Part 3
https://www.youtube.com/watch?v=DhxAIKaCEBY,Cache Summary Part 2 - Georgia Tech HPCA Part 3
https://www.youtube.com/watch?v=zfOrtsfwH_A,Cache Summary Quiz 1 - Georgia Tech HPCA Part 3
https://www.youtube.com/watch?v=hLPhrg6Zdns,Cache Summary Quiz Solution 1 - Georgia Tech HPCA Part 3
https://www.youtube.com/watch?v=mfkM-J-fUJM,Cache Summary Quiz 2 - Georgia Tech HPCA Part 3
https://www.youtube.com/watch?v=kI3IgYAzWlA,Cache Summary Quiz Solution 2 - Georgia Tech HPCA Part 3
https://www.youtube.com/watch?v=jA0BjMkHmEY,Cache Reivew Outro - Georgia Tech HPCA Part 3
https://www.youtube.com/watch?v=Dz9Hgq65iJw,Virtual Memory Intro - Georgia Tech - HPCA: Part 4
https://www.youtube.com/watch?v=3kRBVdnLBW4,Why Virtual Memory - Georgia Tech - HPCA: Part 4
https://www.youtube.com/watch?v=gyfcoKmByTk,Virtual Memory Quiz - Georgia Tech - HPCA: Part 4
https://www.youtube.com/watch?v=-vFZhGmmhEI,Virtual Memory Solution Quiz - Georgia Tech - HPCA: Part 4
https://www.youtube.com/watch?v=7QQLvFCJlAA,Processor's View of Memory - Georgia Tech - HPCA: Part 4
https://www.youtube.com/watch?v=QUYz9BF9Csc,Program's View of Memory - Georgia Tech - HPCA: Part 4
https://www.youtube.com/watch?v=c5TD8QyRJcA,Mapping Virtual Physical Memory - Georgia Tech - HPCA: Part 4
https://www.youtube.com/watch?v=5HDFJKl5tNQ,Page Table Quiz - Georgia Tech - HPCA: Part 4
https://www.youtube.com/watch?v=8-dkvOZTykU,Page Table Solution Quiz - Georgia Tech - HPCA: Part 4
https://www.youtube.com/watch?v=C0jGZZxDse8,Where Is the Missing Memory - Georgia Tech - HPCA: Part 4
https://www.youtube.com/watch?v=l7HoguhFVQ4,Virtual To Physical Translation - Georgia Tech - HPCA: Part 4
https://www.youtube.com/watch?v=4uXlqJzfiQo,Address Translation Quiz - Georgia Tech - HPCA: Part 4
https://www.youtube.com/watch?v=aby5xpi_F5Q,Address Translation Solution Quiz - Georgia Tech - HPCA: Part 4
https://www.youtube.com/watch?v=PKy9Jxc3blw,Size of Flat Page Table - Georgia Tech - HPCA: Part 4
https://www.youtube.com/watch?v=Z_z0WjT62rg,Flat Page Table Size Quiz - Georgia Tech - HPCA: Part 4
https://www.youtube.com/watch?v=P1Ep723Jmz0,Flat Page Table Size Solution Quiz - Georgia Tech - HPCA: Part 4
https://www.youtube.com/watch?v=pcTAoyzW2rY,Multi Level Page Tables - Georgia Tech - HPCA: Part 4
https://www.youtube.com/watch?v=7EcniI__vjA,Multi Level Page Table Structure - Georgia Tech - HPCA: Part 4
https://www.youtube.com/watch?v=8kBPRrHOTwg,Two Level Page Table Example - Georgia Tech - HPCA: Part 4
https://www.youtube.com/watch?v=tP7LYbFrk10,Two Level Page Table Size - Georgia Tech - HPCA: Part 4
https://www.youtube.com/watch?v=uiCCgOjrplE,4 Level PT Quiz - Georgia Tech - HPCA: Part 4
https://www.youtube.com/watch?v=6lyVoQPeFGw,4 Level PT Solution Quiz - Georgia Tech - HPCA: Part 4
https://www.youtube.com/watch?v=fBRZ6EpNr8c,Choosing The Page Size - Georgia Tech - HPCA: Part 4
https://www.youtube.com/watch?v=ryvo5uY1DQ4,Memory Access Time With V-P Translation - Georgia Tech - HPCA: Part 4
https://www.youtube.com/watch?v=tCc48GpsCCk,V to P Translation Quiz - Georgia Tech - HPCA: Part 4
https://www.youtube.com/watch?v=nmJz2ufPybk,V P Translation Solution Quiz - Georgia Tech - HPCA: Part 4
https://www.youtube.com/watch?v=sevIciM3lvA,V to P Translation Quiz 2 - Georgia Tech - HPCA: Part 4
https://www.youtube.com/watch?v=84poJRma60o,V P Translation Solution 2 Quiz - Georgia Tech - HPCA: Part 4
https://www.youtube.com/watch?v=UWZIRmfUIVw,Translation Look Aside Buffer (TLB) - Georgia Tech - HPCA: Part 4
https://www.youtube.com/watch?v=1M8QNlnkXRk,What If We Have A TLB Miss Quiz - Georgia Tech - HPCA: Part 4
https://www.youtube.com/watch?v=FDuCJGB-XbY,What If We Have A TLB Miss Quiz Solution - Georgia Tech - HPCA: Part 4
https://www.youtube.com/watch?v=3rkxfqnf8UM,TLB Size Quiz - Georgia Tech - HPCA: Part 4
https://www.youtube.com/watch?v=Qnt2VPi_KWY,TLB Size Solution Quiz - Georgia Tech - HPCA: Part 4
https://www.youtube.com/watch?v=_KEe77AEH8w,TLB Organization - Georgia Tech - HPCA: Part 4
https://www.youtube.com/watch?v=tOjAjVw613w,TLB Performance Quiz - Georgia Tech - HPCA: Part 4
https://www.youtube.com/watch?v=BQ2GkdDjA_E,TLB Performance Solution Quiz - Georgia Tech - HPCA: Part 4
https://www.youtube.com/watch?v=iXZSQT_P9dY,Virtual Memory Outro - Georgia Tech - HPCA: Part 4
https://www.youtube.com/watch?v=WI9NzHLqPAQ,Advanced Caches Intro - Georgia Tech - HPCA: Part 4
https://www.youtube.com/watch?v=FNH8HIBf838,Improving Cache Performance - Georgia Tech - HPCA: Part 4
https://www.youtube.com/watch?v=4gSeHA7Zfj8,Reduce Hit Time - Georgia Tech - HPCA: Part 4
https://www.youtube.com/watch?v=dNnhmnIQjVA,Pipelined Caches - Georgia Tech - HPCA: Part 4
https://www.youtube.com/watch?v=NXm4a1_OUeg,TLB And Cache Hit - Georgia Tech - HPCA: Part 4
https://www.youtube.com/watch?v=YWKPtJJtbUs,Virtually Accessed Cache - Georgia Tech - HPCA: Part 4
https://www.youtube.com/watch?v=YbE91A7dNAs,Virtually Indexed Physically Tagged - Georgia Tech - HPCA: Part 4
https://www.youtube.com/watch?v=Tg6ID2uWjuY,Aliasing in Virtually Accessed Caches - Georgia Tech - HPCA: Part 4
https://www.youtube.com/watch?v=mMHkIa6Lkek,VIPT Cache Aliasing - Georgia Tech - HPCA: Part 4
https://www.youtube.com/watch?v=pkBumnMpVtA,VIPT Aliasing Avoidance Quiz - Georgia Tech - HPCA: Part 4
https://www.youtube.com/watch?v=J_WsxZpC82c,VIPT Aliasing Avoidance Quiz Solution - Georgia Tech - HPCA: Part 4
https://www.youtube.com/watch?v=Jt1P_qisNCc,Real VIPT Caches - Georgia Tech - HPCA: Part 4
https://www.youtube.com/watch?v=InUGOMHt7ys,Associativity and Hit Time - Georgia Tech - HPCA: Part 4
https://www.youtube.com/watch?v=dMO2qVxfxvc,Way Prediction - Georgia Tech - HPCA: Part 4
https://www.youtube.com/watch?v=8gT4E8WygYs,Way Prediction Performance - Georgia Tech - HPCA: Part 4
https://www.youtube.com/watch?v=q8Q10nWfcq8,Way Prediction Quiz - Georgia Tech - HPCA: Part 4
https://www.youtube.com/watch?v=LSUud5XZmos,Way Prediction Quiz Quiz Solution - Georgia Tech - HPCA: Part 4
https://www.youtube.com/watch?v=NQ_3UfRNQzw,Replacement Policy and Hit Time - Georgia Tech - HPCA: Part 4
https://www.youtube.com/watch?v=J-Y4IJBDl5U,NMRU Replacement - Georgia Tech - HPCA: Part 4
https://www.youtube.com/watch?v=8CjifA2yw7s,PLRU Replacement - Georgia Tech - HPCA: Part 4
https://www.youtube.com/watch?v=MBfz4_aqA08,NMRU Quiz - Georgia Tech - HPCA: Part 4
https://www.youtube.com/watch?v=8dstoZd5gPY,NMRU Quiz Quiz Solution - Georgia Tech - HPCA: Part 4
https://www.youtube.com/watch?v=ItFOso4RQkc,Reducing the Miss Rate - Georgia Tech - HPCA: Part 4
https://www.youtube.com/watch?v=EkaAhdtgO5Y,Larger Cache Blocks - Georgia Tech - HPCA: Part 4
https://www.youtube.com/watch?v=JArayWfeUNs,Miss Rate Quiz - Georgia Tech - HPCA: Part 4
https://www.youtube.com/watch?v=a9UmHk-ple0,Miss Rate Quiz Quiz Solution - Georgia Tech - HPCA: Part 4
https://www.youtube.com/watch?v=fZZnB5u3x40,Prefetching - Georgia Tech - HPCA: Part 4
https://www.youtube.com/watch?v=RNwcuXhuFhE,Prefetch Instructions - Georgia Tech - HPCA: Part 4
https://www.youtube.com/watch?v=49PR5f1RdKA,Prefetch Instructions Quiz - Georgia Tech - HPCA: Part 4
https://www.youtube.com/watch?v=2oezCpBtBkw,Prefetch Instructions Quiz Quiz Solution - Georgia Tech - HPCA: Part 4
https://www.youtube.com/watch?v=KMe4bD1cnq0,Hardware Prefetching - Georgia Tech - HPCA: Part 4
https://www.youtube.com/watch?v=khwYLXfJjJ0,Loop Interchange - Georgia Tech - HPCA: Part 4
https://www.youtube.com/watch?v=TmHgVCgl0-A,Overlap Misses - Georgia Tech - HPCA: Part 4
https://www.youtube.com/watch?v=Q9wD8I3Sehc,Miss Under Miss Support in Caches - Georgia Tech - HPCA: Part 4
https://www.youtube.com/watch?v=HGWPdSjXXyA,Miss Under Miss Quiz - Georgia Tech - HPCA: Part 4
https://www.youtube.com/watch?v=kRyFQdca-44,Miss Under Miss Quiz Quiz Solution - Georgia Tech - HPCA: Part 4
https://www.youtube.com/watch?v=L7TC7ZYzzqE,Cache Hierarchies - Georgia Tech - HPCA: Part 4
https://www.youtube.com/watch?v=7uwwEfpiMXk,AMAT With Cache Hierarchies - Georgia Tech - HPCA: Part 4
https://www.youtube.com/watch?v=QisGy2fkyWY,L1 Vs L2 Quiz - Georgia Tech - HPCA: Part 4
https://www.youtube.com/watch?v=0ztjrZjnE_0,L1vsL2 Quiz Solution - Georgia Tech - HPCA: Part 4
https://www.youtube.com/watch?v=nrj78Vbik_U,Multilevel Cache Performance - Georgia Tech - HPCA: Part 4
https://www.youtube.com/watch?v=JeYENwzj4PI,Hit Rate - Georgia Tech - HPCA: Part 4
https://www.youtube.com/watch?v=mv2Vxb3VnkI,Global VS Local Hit Rate - Georgia Tech - HPCA: Part 4
https://www.youtube.com/watch?v=I_fF6I6WLRE,Global and Local Miss Rate Quiz - Georgia Tech - HPCA: Part 4
https://www.youtube.com/watch?v=yFw8k3dr_AE,Global and Local Miss Rate Quiz Quiz Solution - Georgia Tech - HPCA: Part 4
https://www.youtube.com/watch?v=J8DQG9Pvp3U,Inclusion Property - Georgia Tech - HPCA: Part 4
https://www.youtube.com/watch?v=Ld-fivCPHYE,Inclusion Quiz - Georgia Tech - HPCA: Part 4
https://www.youtube.com/watch?v=Ov-p7jtf5kE,Inclusion Quiz Quiz Solution - Georgia Tech - HPCA: Part 4
https://www.youtube.com/watch?v=sk-ixR0fGHk,Advanced Caches Outro - Georgia Tech - HPCA: Part 4
https://www.youtube.com/watch?v=LUi78U72ho0,Memory Intro - Georgia Tech - HPCA: Part 4
https://www.youtube.com/watch?v=nvwy-W8SA6s,How Memory Works - Georgia Tech - HPCA: Part 4
https://www.youtube.com/watch?v=3FAgmvJZhOI,Memory Technology  SRAM and DRAM - Georgia Tech - HPCA: Part 4
https://www.youtube.com/watch?v=mwNqzc1o5zM,One Memory Bit   SRAM - Georgia Tech - HPCA: Part 4
https://www.youtube.com/watch?v=3s7zsLU83bY,One Memory Bit DRAM - Georgia Tech - HPCA: Part 4
https://www.youtube.com/watch?v=eI2BnVKRb1k,DRAM Technology Quiz - Georgia Tech - HPCA: Part 4
https://www.youtube.com/watch?v=1LhUXgh64Dw,DRAM Technology Solution Quiz - Georgia Tech - HPCA: Part 4
https://www.youtube.com/watch?v=7k_3EAkKfak,Memory Chip Organization Part 1 - Georgia Tech - HPCA: Part 4
https://www.youtube.com/watch?v=lE-rCDTj8aU,Memory Chip Organization Part 2 - Georgia Tech - HPCA: Part 4
https://www.youtube.com/watch?v=HTBL4EhyDgM,Memory Refresh Quiz - Georgia Tech - HPCA: Part 4
https://www.youtube.com/watch?v=M8e8lfyW62s,Memory Refresh Quiz Solution - Georgia Tech - HPCA: Part 4
https://www.youtube.com/watch?v=pyXHOPvDvk0,Memory Chip Organization Part 3 - Georgia Tech - HPCA: Part 4
https://www.youtube.com/watch?v=u2dKuDAQhZw,Fast Page Mode - Georgia Tech - HPCA: Part 4
https://www.youtube.com/watch?v=bSnsXTQb-es,DRAM Access Scheduling Quiz - Georgia Tech - HPCA: Part 4
https://www.youtube.com/watch?v=fqYZb-X60ik,DRAM Access Scheduling Solution Quiz - Georgia Tech - HPCA: Part 4
https://www.youtube.com/watch?v=AmMUhz5g8nk,Connecting DRAM To The Processor - Georgia Tech - HPCA: Part 4
https://www.youtube.com/watch?v=JdqAnoHmTaU,Memory Outro - Georgia Tech - HPCA: Part 4
https://www.youtube.com/watch?v=HK4eCf7ypQY,Storage Intro - Georgia Tech - HPCA: Part 4
https://www.youtube.com/watch?v=IProsW7pvcs,Storage - Georgia Tech - HPCA: Part 4
https://www.youtube.com/watch?v=Ep-yM894mQQ,Magnetic Disks - Georgia Tech - HPCA: Part 4
https://www.youtube.com/watch?v=60CVlNvQCY4,Access Time For Magnetic Disks - Georgia Tech - HPCA: Part 4
https://www.youtube.com/watch?v=dqo3Uw79bws,Disk Access Time Quiz - Georgia Tech - HPCA: Part 4
https://www.youtube.com/watch?v=2YL33Ev-EtY,Disk Access Time Solution Quiz - Georgia Tech - HPCA: Part 4
https://www.youtube.com/watch?v=GnhfyDoBtzs,Trends For Magnetic Disks - Georgia Tech - HPCA: Part 4
https://www.youtube.com/watch?v=2yCkbxm61cg,Optical Disks - Georgia Tech - HPCA: Part 4
https://www.youtube.com/watch?v=1Z0buLNlWbw,Magnetic Tape - Georgia Tech - HPCA: Part 4
https://www.youtube.com/watch?v=wVOfmIwYgzw,Disks And Tape Quiz - Georgia Tech - HPCA: Part 4
https://www.youtube.com/watch?v=tyfVqQvsiXQ,Disks And Tape Solution Quiz - Georgia Tech - HPCA: Part 4
https://www.youtube.com/watch?v=pS2CJxmcmJQ,Using RAM For Storage - Georgia Tech - HPCA: Part 4
https://www.youtube.com/watch?v=2hamRFUMvI8,Hybrid Magnetic Flash - Georgia Tech - HPCA: Part 4
https://www.youtube.com/watch?v=vT2NgNA3RfM,Flash vs Disk vs Both Quiz - Georgia Tech - HPCA: Part 4
https://www.youtube.com/watch?v=6rGL7BI-dHM,Flash vs Disk vs Both Quiz Quiz Solution - Georgia Tech - HPCA: Part 4
https://www.youtube.com/watch?v=9H3cTc1iN7k,Connecting IO Devices - Georgia Tech - HPCA: Part 4
https://www.youtube.com/watch?v=nt18-OhN1F4,Storage Outro - Georgia Tech - HPCA: Part 4
https://www.youtube.com/watch?v=Qf1dVW5vRZo,Fault TOL Intro - Georgia Tech - HPCA: Part 5
https://www.youtube.com/watch?v=UKYiWn0MIBU,Dependability - Georgia Tech - HPCA: Part 5
https://www.youtube.com/watch?v=XyiAtJ8p5yk,"Faults, Errors, and Failures - Georgia Tech - HPCA: Part 5"
https://www.youtube.com/watch?v=O-vliUERNNY,"Fault, Error, and Failure Example - Georgia Tech - HPCA: Part 5"
https://www.youtube.com/watch?v=ZbQfs0di7Os,Laptop Falls Down Quiz - Georgia Tech - HPCA: Part 5
https://www.youtube.com/watch?v=JGUFcR_ZmZo,Laptop Falls Down Solution Quiz - Georgia Tech - HPCA: Part 5
https://www.youtube.com/watch?v=jznHA-C07dg,"Reliability, Availability - Georgia Tech - HPCA: Part 5"
https://www.youtube.com/watch?v=YhX-t8pNzbk,Reliability and Availability Quiz - Georgia Tech - HPCA: Part 5
https://www.youtube.com/watch?v=it0rTlv_QG0,Reliability and Availability Solution Quiz - Georgia Tech - HPCA: Part 5
https://www.youtube.com/watch?v=RhTVL9MBWzg,Kinds of Faults - Georgia Tech - HPCA: Part 5
https://www.youtube.com/watch?v=MKofSftMRW4,Fault Classification Quiz - Georgia Tech - HPCA: Part 5
https://www.youtube.com/watch?v=HAlaWDWBK5M,Fault Classification Solution Quiz - Georgia Tech - HPCA: Part 5
https://www.youtube.com/watch?v=O7WePQFuyh0,Improving Reliability and Availability - Georgia Tech - HPCA: Part 5
https://www.youtube.com/watch?v=ORrM6FrZpzc,Fault Tolerance Techniques - Georgia Tech - HPCA: Part 5
https://www.youtube.com/watch?v=dP2RxmT_Adg,N Module Redundancy - Georgia Tech - HPCA: Part 5
https://www.youtube.com/watch?v=4yMwZdMEnNU,N Module quiz Quiz - Georgia Tech - HPCA: Part 5
https://www.youtube.com/watch?v=FeuiPOpWoGE,N module quiz Quiz Solution - Georgia Tech - HPCA: Part 5
https://www.youtube.com/watch?v=wQI26gS-NME,Fault Tolerance for Memory and Storage - Georgia Tech - HPCA: Part 5
https://www.youtube.com/watch?v=PTlRUKACGJU,RAID - Georgia Tech - HPCA: Part 5
https://www.youtube.com/watch?v=rPGWu86qKa0,RAID 0 - Georgia Tech - HPCA: Part 5
https://www.youtube.com/watch?v=py0i-SfA8O4,RAID 0 Reliability - Georgia Tech - HPCA: Part 5
https://www.youtube.com/watch?v=nee66yYojJw,RAID 0 Quiz - Georgia Tech - HPCA: Part 5
https://www.youtube.com/watch?v=vXbOf542cO8,RAID 0 Solution Quiz - Georgia Tech - HPCA: Part 5
https://www.youtube.com/watch?v=X8LMlujtv0s,RAID 1 Mirroring - Georgia Tech - HPCA: Part 5
https://www.youtube.com/watch?v=ISJCkRks5co,Raid 1 Reliability - Georgia Tech - HPCA: Part 5
https://www.youtube.com/watch?v=2tpoB_nedXU,Raid 1 Reliability if Failed Disks Replaced - Georgia Tech - HPCA: Part 5
https://www.youtube.com/watch?v=IhzTzR9qbyc,RAID 1 Quiz - Georgia Tech - HPCA: Part 5
https://www.youtube.com/watch?v=pZc6kbX9cJM,RAID 1 Solution Quiz - Georgia Tech - HPCA: Part 5
https://www.youtube.com/watch?v=X8LMlujtv0s,RAID 1 Mirroring - Georgia Tech - HPCA: Part 5
https://www.youtube.com/watch?v=ISJCkRks5co,Raid 1 Reliability - Georgia Tech - HPCA: Part 5
https://www.youtube.com/watch?v=2tpoB_nedXU,Raid 1 Reliability if Failed Disks Replaced - Georgia Tech - HPCA: Part 5
https://www.youtube.com/watch?v=IhzTzR9qbyc,RAID 1 Quiz - Georgia Tech - HPCA: Part 5
https://www.youtube.com/watch?v=pZc6kbX9cJM,RAID 1 Solution Quiz - Georgia Tech - HPCA: Part 5
https://www.youtube.com/watch?v=AATHP3bxClE,RAID 4 - Georgia Tech - HPCA: Part 5
https://www.youtube.com/watch?v=7tCywqTdWvs,RAID 4 Performance and Reliability - Georgia Tech - HPCA: Part 5
https://www.youtube.com/watch?v=3QXaSzM2fE8,RAID 4 Write - Georgia Tech - HPCA: Part 5
https://www.youtube.com/watch?v=XQyi1I3guyw,RAID 4 Quiz - Georgia Tech - HPCA: Part 5
https://www.youtube.com/watch?v=1Bi50mhjzhQ,RAID 4 Solution Quiz - Georgia Tech - HPCA: Part 5
https://www.youtube.com/watch?v=x6Ltk6g1tjY,Parity Quiz - Georgia Tech - HPCA: Part 5
https://www.youtube.com/watch?v=U81sExQShko,Parity Quiz Quiz Solution - Georgia Tech - HPCA: Part 5
https://www.youtube.com/watch?v=wH0qulZw4Q0,RAID 5 - Georgia Tech - HPCA: Part 5
https://www.youtube.com/watch?v=pj32rSGQujI,RAID 5 Quiz - Georgia Tech - HPCA: Part 5
https://www.youtube.com/watch?v=rD60hVrvJPk,RAID 5 Solution Quiz - Georgia Tech - HPCA: Part 5
https://www.youtube.com/watch?v=PnPLJYj4oX8,RAID 6 - Georgia Tech - HPCA: Part 5
https://www.youtube.com/watch?v=WG4pwyketJ4,RAID 6 Is An Overkill - Georgia Tech - HPCA: Part 5
https://www.youtube.com/watch?v=VnnDBdpo7fU,Fault  TOL Outro - Georgia Tech - HPCA: Part 5
https://www.youtube.com/watch?v=JspgfPwsjyE,Multi Processing Intro - Georgia Tech - HPCA: Part 5
https://www.youtube.com/watch?v=WKXbvhkzBUo,Flynn's Taxonomy of Parallel Machines - Georgia Tech - HPCA: Part 5
https://www.youtube.com/watch?v=zJVysLQOk5o,Why Multiprocessors - Georgia Tech - HPCA: Part 5
https://www.youtube.com/watch?v=F5oreP_AXmo,Multicore Vs Single Core Quiz - Georgia Tech - HPCA: Part 5
https://www.youtube.com/watch?v=voEWOMFTFUo,Multicore Vs Single Core Solution Quiz - Georgia Tech - HPCA: Part 5
https://www.youtube.com/watch?v=KlHvHRgSTJs,Multiprocessor Needs Parallel Programs! - Georgia Tech - HPCA: Part 5
https://www.youtube.com/watch?v=ECt78ImZLck,Centralized Shared Memory - Georgia Tech - HPCA: Part 5
https://www.youtube.com/watch?v=dPOoOv0WpFo,Multicore Quiz - Georgia Tech - HPCA: Part 5
https://www.youtube.com/watch?v=fhp7d0koF9A,Multicore Solution Quiz - Georgia Tech - HPCA: Part 5
https://www.youtube.com/watch?v=iMUaHYT3mCg,Centralized Main Memory Problems - Georgia Tech - HPCA: Part 5
https://www.youtube.com/watch?v=sSBanZ_0hwE,Distributed Shared Memory - Georgia Tech - HPCA: Part 5
https://www.youtube.com/watch?v=zZA3d3z0e_M,Numa Memory Allocation Quiz - Georgia Tech - HPCA: Part 5
https://www.youtube.com/watch?v=XQJBSR2VNRE,Numa Memory Allocation Solution Quiz - Georgia Tech - HPCA: Part 5
https://www.youtube.com/watch?v=rxNH0mvEfyw,A Message Passing Program - Georgia Tech - HPCA: Part 5
https://www.youtube.com/watch?v=gpiae4bcOsA,A Shared Memory Program - Georgia Tech - HPCA: Part 5
https://www.youtube.com/watch?v=SmJpGl_PYz8,Message Passing Vs Shared Memory - Georgia Tech - HPCA: Part 5
https://www.youtube.com/watch?v=OBD92BKLulk,Message Passing Vs Shared Memory Quiz - Georgia Tech - HPCA: Part 5
https://www.youtube.com/watch?v=8PN2U8t588Y,Message Passing Vs Shared Memory Solution Quiz - Georgia Tech - HPCA: Part 5
https://www.youtube.com/watch?v=gS7-Z6qfjyQ,Shared Memory Hardware - Georgia Tech - HPCA: Part 5
https://www.youtube.com/watch?v=ZpqeeHFWxes,Multi Threading Performance - Georgia Tech - HPCA: Part 5
https://www.youtube.com/watch?v=895qz0e23wA,SMT Vs Dual Core Quiz - Georgia Tech - HPCA: Part 5
https://www.youtube.com/watch?v=VvSk7ZnK4mw,SMT Vs Dual Core Solution Quiz - Georgia Tech - HPCA: Part 5
https://www.youtube.com/watch?v=m-vrYcefgh0,SMT Hardware Changes - Georgia Tech - HPCA: Part 5
https://www.youtube.com/watch?v=Zxa2DE0Aew4,"SMT, D$, TLB - Georgia Tech - HPCA: Part 5"
https://www.youtube.com/watch?v=4i1suiKrEPo,SMT and Cache Performance - Georgia Tech - HPCA: Part 5
https://www.youtube.com/watch?v=a-LY6MG6esI,SMT and Cache Quiz - Georgia Tech - HPCA: Part 5
https://www.youtube.com/watch?v=opXhL9MKVSM,SMT and Cache Solution Quiz - Georgia Tech - HPCA: Part 5
https://www.youtube.com/watch?v=nj2_QjMA0Sc,Multi Processing Outro - Georgia Tech - HPCA: Part 5
https://www.youtube.com/watch?v=l_w6mYgMUS8,Coherence Intro - Georgia Tech - HPCA: Part 5
https://www.youtube.com/watch?v=TMJj015C93A,Cache Coherence Problem - Georgia Tech - HPCA: Part 5
https://www.youtube.com/watch?v=gkHL8drV1RQ,Cache Incoherence Quiz - Georgia Tech - HPCA: Part 5
https://www.youtube.com/watch?v=187-oGEm_CI,Cache Incoherence Solution Quiz - Georgia Tech - HPCA: Part 5
https://www.youtube.com/watch?v=7xtGwQAMABc,Coherence Definition - Georgia Tech - HPCA: Part 5
https://www.youtube.com/watch?v=ckDZyog8rpY,Coherence Definition Quiz - Georgia Tech - HPCA: Part 5
https://www.youtube.com/watch?v=tPRzAzfyAf8,Coherence Definition Solution Quiz - Georgia Tech - HPCA: Part 5
https://www.youtube.com/watch?v=In8RZg345pM,How to Get Coherence - Georgia Tech - HPCA: Part 5
https://www.youtube.com/watch?v=rLmS02gsEAk,Write Update Snooping Coherence - Georgia Tech - HPCA: Part 5
https://www.youtube.com/watch?v=eaWKx5AIZEM,Write Update Coherence Quiz (new) - Georgia Tech - HPCA: Part 5
https://www.youtube.com/watch?v=UvNGJOS6PNE,Write Update Coherence Quiz Solution (new) - Georgia Tech - HPCA: Part 5
https://www.youtube.com/watch?v=62TPpmxWyfE,Write Update Optimization - Georgia Tech - HPCA: Part 5
https://www.youtube.com/watch?v=zl14uyZkxgI,Write Update Optimization 2 Bus Writes - Georgia Tech - HPCA: Part 5
https://www.youtube.com/watch?v=QlQvIveODHA,Write Update Performance Quiz - Georgia Tech - HPCA: Part 5
https://www.youtube.com/watch?v=lgCHGYUShNA,Write Update Performance Solution Quiz - Georgia Tech - HPCA: Part 5
https://www.youtube.com/watch?v=uLikXssApZk,Write Invalidate Snooping Coherence - Georgia Tech - HPCA: Part 5
https://www.youtube.com/watch?v=twpjfBK9YlE,Write Update vs Write Invalidate Quiz - Georgia Tech - HPCA: Part 5
https://www.youtube.com/watch?v=XLekW7wVWMo,Write Update vs Write Invalidate Quiz Solution - Georgia Tech - HPCA: Part 5
https://www.youtube.com/watch?v=a4RNpg6kGJI,Write Update vs Write Invalidate Quiz 2 - Georgia Tech - HPCA: Part 5
https://www.youtube.com/watch?v=_yNF8BhzKAE,Write Update vs Write Invalidate Quiz Solution 2 - Georgia Tech - HPCA: Part 5
https://www.youtube.com/watch?v=ex4JjTW2ztA,Update VS Invalidate Coherence - Georgia Tech - HPCA: Part 5
https://www.youtube.com/watch?v=gAUVAel-2Fg,MSI Coherence - Georgia Tech - HPCA: Part 5
https://www.youtube.com/watch?v=FYkgffTCMy0,Cache To Cache Transfers - Georgia Tech - HPCA: Part 5
https://www.youtube.com/watch?v=EqZJrqq_MlQ,MSI Quiz - Georgia Tech - HPCA: Part 5
https://www.youtube.com/watch?v=1NokEaSyBc8,MSI Solution Quiz - Georgia Tech - HPCA: Part 5
https://www.youtube.com/watch?v=l9LMSEnxfII,MSI Quiz 2 - Georgia Tech - HPCA: Part 5
https://www.youtube.com/watch?v=_ekMv9N-HNo,MSI Quiz 2 Solution - Georgia Tech - HPCA: Part 5
https://www.youtube.com/watch?v=1nQUOQAAFnc,Avoiding Memory Writes On Cache to Cache Transfers - Georgia Tech - HPCA: Part 5
https://www.youtube.com/watch?v=sGBrM5i4k1M,MOSI Coherence - Georgia Tech - HPCA: Part 5
https://www.youtube.com/watch?v=pIoeNSOsOD8,M(O)SI Inefficiency - Georgia Tech - HPCA: Part 5
https://www.youtube.com/watch?v=uyn-CPwRM0E,The E State - Georgia Tech - HPCA: Part 5
https://www.youtube.com/watch?v=Zzrm0FuUx3g,MOESI Quiz - Georgia Tech - HPCA: Part 5
https://www.youtube.com/watch?v=gwF5q6S784g,MOESI Solution Quiz - Georgia Tech - HPCA: Part 5
https://www.youtube.com/watch?v=Cy6mwfAew3o,"MESI, MOSI, MOESI Quiz - Georgia Tech - HPCA: Part 5"
https://www.youtube.com/watch?v=mhP0ak7wsyQ,"MESI, MOSI, MOESI Solution Quiz - Georgia Tech - HPCA: Part 5"
https://www.youtube.com/watch?v=xjRDejGF26M,Directory Based Coherence - Georgia Tech - HPCA: Part 5
https://www.youtube.com/watch?v=PWAOAMMXpA8,Directory - Georgia Tech - HPCA: Part 5
https://www.youtube.com/watch?v=6QZ_XiBEAF4,Directory Entry - Georgia Tech - HPCA: Part 5
https://www.youtube.com/watch?v=lZZYILcQ68Y,Directory Example - Georgia Tech - HPCA: Part 5
https://www.youtube.com/watch?v=6b93G_bdNh0,Directory MOESI Quiz - Georgia Tech - HPCA: Part 5
https://www.youtube.com/watch?v=ZMz7f5NBiVk,Directory Moesi Solution Quiz - Georgia Tech - HPCA: Part 5
https://www.youtube.com/watch?v=LkhuwTZC-EI,Cache Misses With Coherence - Georgia Tech - HPCA: Part 5
https://www.youtube.com/watch?v=rdnHrtYpfz8,False Sharing Quiz - Georgia Tech - HPCA: Part 5
https://www.youtube.com/watch?v=GNcBjDmZwYI,False Sharing Solution Quiz - Georgia Tech - HPCA: Part 5
https://www.youtube.com/watch?v=tmkPur8ZA1g,Coherence Outro - Georgia Tech - HPCA: Part 5
https://www.youtube.com/watch?v=zIkoD3M9uBQ,Synchronization Intro - Georgia Tech - HPCA: Part 5
https://www.youtube.com/watch?v=BMkW9Iwh80E,Synchronization Example - Georgia Tech - HPCA: Part 5
https://www.youtube.com/watch?v=OcsWFj5KFIE,Synchronization Example   Lock - Georgia Tech - HPCA: Part 5
https://www.youtube.com/watch?v=rYSEalDAz5M,Lock Variable Quiz - Georgia Tech - HPCA: Part 5
https://www.youtube.com/watch?v=AzCGKHB7HrA,Lock Variable Quiz Solution - Georgia Tech - HPCA: Part 5
https://www.youtube.com/watch?v=cHZLXZNfvK4,Lock Synchronization - Georgia Tech - HPCA: Part 5
https://www.youtube.com/watch?v=OVA_9Qg50Xw,Implementing Lock - Georgia Tech - HPCA: Part 5
https://www.youtube.com/watch?v=zr0ZntAOhV0,Atomic Instructions Quiz - Georgia Tech - HPCA: Part 5
https://www.youtube.com/watch?v=mQn5OJq-8wQ,Atomic Instructions Quiz Solution - Georgia Tech - HPCA: Part 5
https://www.youtube.com/watch?v=5m4NlVwtIC0,Atomic Instructions - Georgia Tech - HPCA: Part 5
https://www.youtube.com/watch?v=splCWPRlusI,Test And Set Quiz - Georgia Tech - HPCA: Part 5
https://www.youtube.com/watch?v=8Rz7YkSA2fk,Test And Set Quiz Solution - Georgia Tech - HPCA: Part 5
https://www.youtube.com/watch?v=pV-Cz6d6jJk,Atomic Instructions 2 - Georgia Tech - HPCA: Part 5
https://www.youtube.com/watch?v=fuHwmyZXnPA,Load Linked Store Conditional - Georgia Tech - HPCA: Part 5
https://www.youtube.com/watch?v=pcNCw8iAp8A,How is LL SC Atomic - Georgia Tech - HPCA: Part 5
https://www.youtube.com/watch?v=1hMcNiuBZ6I,LL SC Lock Quiz - Georgia Tech - HPCA: Part 5
https://www.youtube.com/watch?v=vILzpoVrP9U,LL SC Lock Quiz Quiz Solution - Georgia Tech - HPCA: Part 5
https://www.youtube.com/watch?v=JS88digI8iQ,Locks and Performance - Georgia Tech - HPCA: Part 5
https://www.youtube.com/watch?v=cbZsJwMJulk,Test and Atomic OP Lock - Georgia Tech - HPCA: Part 5
https://www.youtube.com/watch?v=08f6Cjh3Xdg,Test and Atomic OP Quiz - Georgia Tech - HPCA: Part 5
https://www.youtube.com/watch?v=0PSho2Ga1n0,Test and Atomic OP Quiz Solution - Georgia Tech - HPCA: Part 5
https://www.youtube.com/watch?v=Z7h-HT1_G80,Unlock Quiz - Georgia Tech - HPCA: Part 5
https://www.youtube.com/watch?v=D8C6cHWuyLI,Unlock Quiz Solution - Georgia Tech - HPCA: Part 5
https://www.youtube.com/watch?v=A5KTIi3o7Fw,Barrier Synchronization - Georgia Tech - HPCA: Part 5
https://www.youtube.com/watch?v=fIMaF0j3FvU,Simple Barrier Implementation - Georgia Tech - HPCA: Part 5
https://www.youtube.com/watch?v=H7VKfiQwT5g,Simple Barrier Implementation Doesn't Work - Georgia Tech - HPCA: Part 5
https://www.youtube.com/watch?v=WtT95ucTIKg,Simple Barrier Quiz - Georgia Tech - HPCA: Part 5
https://www.youtube.com/watch?v=4Ed9hoWC8BQ,Simple Barrier Quiz Solution - Georgia Tech - HPCA: Part 5
https://www.youtube.com/watch?v=xkpNYZIPTR4,Reusable Barrier - Georgia Tech - HPCA: Part 5
https://www.youtube.com/watch?v=qV05UQFb1cQ,Synchronization Outro - Georgia Tech - HPCA: Part 5
https://www.youtube.com/watch?v=fT4DJcNCisM,Consistency Intro - Georgia Tech - HPCA: Part 6
https://www.youtube.com/watch?v=fwOHPza2wJE,Memory Consistency - Georgia Tech - HPCA: Part 6
https://www.youtube.com/watch?v=uh8gF64345I,Consistency Matters - Georgia Tech - HPCA: Part 6
https://www.youtube.com/watch?v=w7KLMeXrb70,Consistency Matters Quiz - Georgia Tech - HPCA: Part 6
https://www.youtube.com/watch?v=4X-DciIfFcc,Consistency Matters Quiz Solution - Georgia Tech - HPCA: Part 6
https://www.youtube.com/watch?v=tJ-9Xk2C9YY,Why We Need Consistency - Georgia Tech - HPCA: Part 6
https://www.youtube.com/watch?v=jyoZ5nVAjAU,Sequential Consistency - Georgia Tech - HPCA: Part 6
https://www.youtube.com/watch?v=M_5GkAF950A,Simple Implementation of SC Quiz - Georgia Tech - HPCA: Part 6
https://www.youtube.com/watch?v=JtSg0ePcE44,Simple Implementation of SC Quiz Solution - Georgia Tech - HPCA: Part 6
https://www.youtube.com/watch?v=lVvSa8tvxoI,Better Implementation of SC - Georgia Tech - HPCA: Part 6
https://www.youtube.com/watch?v=1EmifogvkYg,Relaxed Consistency - Georgia Tech - HPCA: Part 6
https://www.youtube.com/watch?v=GLNI9t3ThwI,Relaxed Consistency - Georgia Tech - HPCA: Part 6
https://www.youtube.com/watch?v=wit9usqHKQs,MSYNC Quiz - Georgia Tech - HPCA: Part 6
https://www.youtube.com/watch?v=ej3lynHxSWE,MSYNC Quiz Solution - Georgia Tech - HPCA: Part 6
https://www.youtube.com/watch?v=k6OdqErVKi8,Data Races and Consistency - Georgia Tech - HPCA: Part 6
https://www.youtube.com/watch?v=uoEcg2WkICI,Consistency Models - Georgia Tech - HPCA: Part 6
https://www.youtube.com/watch?v=P9lKRvRMr1c,Consistency Outro - Georgia Tech - HPCA: Part 6
https://www.youtube.com/watch?v=gN9V2N9pLQY,Many Cores Intro - Georgia Tech - HPCA: Part 6
https://www.youtube.com/watch?v=O7-cS4DtNWg,Many Core Challenges - Georgia Tech - HPCA: Part 6
https://www.youtube.com/watch?v=OArCsk3Dsxc,Network On Chip - Georgia Tech - HPCA: Part 6
https://www.youtube.com/watch?v=i9mLruOH3gc,Mesh vs Bus Throughput Quiz - Georgia Tech - HPCA: Part 6
https://www.youtube.com/watch?v=ZUGMxw0fsWk,Mesh vs Bus Thoughput Quiz Solution - Georgia Tech - HPCA: Part 6
https://www.youtube.com/watch?v=Q5zOnM6okdY,Many Core Challenges 2 - Georgia Tech - HPCA: Part 6
https://www.youtube.com/watch?v=czoZ-CC7C4k,Distributed LLC - Georgia Tech - HPCA: Part 6
https://www.youtube.com/watch?v=uoNGJT0RkwY,Distributed LLC Quiz - Georgia Tech - HPCA: Part 6
https://www.youtube.com/watch?v=B75_8PJGwsg,Distributed LLC Quiz Solution - Georgia Tech - HPCA: Part 6
https://www.youtube.com/watch?v=J9rHEcX31lk,Many Core Challenges 2 - Georgia Tech - HPCA: Part 6
https://www.youtube.com/watch?v=okn2fY6hDzA,On Chip Directory - Georgia Tech - HPCA: Part 6
https://www.youtube.com/watch?v=g1hfZO-dQZE,On Chip Directory Quiz - Georgia Tech - HPCA: Part 6
https://www.youtube.com/watch?v=AVTxfLqHzZ0,On Chip Directory Quiz Solution - Georgia Tech - HPCA: Part 6
https://www.youtube.com/watch?v=SQszKDhpI_E,On Chip Directory 2 - Georgia Tech - HPCA: Part 6
https://www.youtube.com/watch?v=JovEzG6zJQQ,Many Core Challenges 3 - Georgia Tech - HPCA: Part 6
https://www.youtube.com/watch?v=CL-EvmEy4OA,Multi Core Power and Performance - Georgia Tech - HPCA: Part 6
https://www.youtube.com/watch?v=wjbWEhC0QJg,Performance vs Number of Cores Quiz - Georgia Tech - HPCA: Part 6
https://www.youtube.com/watch?v=5pjEiAhABKc,Performance vs Number of Cores Quiz Solution - Georgia Tech - HPCA: Part 6
https://www.youtube.com/watch?v=hNA5zjNgI5Q,No Parallelism to Boost Frequency - Georgia Tech - HPCA: Part 6
https://www.youtube.com/watch?v=xfX6uJ9Tshs,Many Core Challenges 4 - Georgia Tech - HPCA: Part 6
https://www.youtube.com/watch?v=V35SjyweAxQ,"SMT, Cores, Chips - Georgia Tech - HPCA: Part 6"
https://www.youtube.com/watch?v=9FAuBIWl4Iw,Many Core Challenges 5 - Georgia Tech - HPCA: Part 6
https://www.youtube.com/watch?v=LxnKw_IS0Cc,Many Cores Outro - Georgia Tech - HPCA: Part 6
